name,facts:de,facts:en,facts:eo,facts:es,facts:fr,facts:nl,facts:ru
Accipiter gentilis,"Viele Geflügelzüchter haben das ein oder andere abergläubsiche Ritual entwickelt, um ihre Tiere vor dem mächtigen Greifvogel zu schützen.","Tyrannosaurus Rex is more closely related to sparrows than to Stegosaurus.|Passerines (song birds) are the largest order of birds with over 6.500 species. That is 60% of all bird species|Most birds are unable to move their eyes, instead moving their whole head to get a good view of their surroundings.",-,-,-,-,-
Accipiter nisus,"Neuerdings brüten Sperber auch mitten in Großstädten, zum Beispiel auf Friedhöfen oder in Parks.","Tyrannosaurus Rex is more closely related to sparrows than to Stegosaurus.|Passerines (song birds) are the largest order of birds with over 6.500 species. That is 60% of all bird species|Most birds are unable to move their eyes, instead moving their whole head to get a good view of their surroundings.",-,-,-,-,-
Acrocephalus arundinaceus,Mit dem Spruch „schimpfen wie ein Rohrspatz“ ist ursprünglich der Drosselrohrsänger gemeint.,"Tyrannosaurus Rex is more closely related to sparrows than to Stegosaurus.|Passerines (song birds) are the largest order of birds with over 6.500 species. That is 60% of all bird species|Most birds are unable to move their eyes, instead moving their whole head to get a good view of their surroundings.",-,-,-,-,-
Acrocephalus palustris,Entgegen seines Namens trifft man den Sumpfrohrsänger nicht in Sümpfen an.,"Tyrannosaurus Rex is more closely related to sparrows than to Stegosaurus.|Passerines (song birds) are the largest order of birds with over 6.500 species. That is 60% of all bird species|Most birds are unable to move their eyes, instead moving their whole head to get a good view of their surroundings.",-,-,-,-,-
Acrocephalus schoenobaenus,"Tyrannosaurus Rex ist näher mit dem Spatz verwandt als mit dem Stegosaurus.|Passeriformes (Singvögel) bilden mit etwa 6.500 Arten die größte Ordnung innerhalb der Vögel. Sie machen damit etwa 60% aller Vogelarten aus. |Die Lunge eines Vogels nimmt viel mehr Platz in ihrem Körper ein als die eines Menschen. Zum Beispiel machen die Lungen eines Menschen ein Zwanzigstel ihres Körpers aus, während ein Vogel ein Fünftel beansprucht.","Tyrannosaurus Rex is more closely related to sparrows than to Stegosaurus.|Passerines (song birds) are the largest order of birds with over 6.500 species. That is 60% of all bird species|Most birds are unable to move their eyes, instead moving their whole head to get a good view of their surroundings.",-,-,-,-,-
Acrocephalus scirpaceus,"Der Teichrohrsänger ist ein Schnellflieger unter den Vögeln, pro Sekunde schafft er in etwa zehn Meter.","Tyrannosaurus Rex is more closely related to sparrows than to Stegosaurus.|Passerines (song birds) are the largest order of birds with over 6.500 species. That is 60% of all bird species|Most birds are unable to move their eyes, instead moving their whole head to get a good view of their surroundings.",-,-,-,-,-
Actitis hypoleucos,Der Familienverband kann sich mitunter mehrere Kilometer vom Brutplatz entfernen.,"Tyrannosaurus Rex is more closely related to sparrows than to Stegosaurus.|Passerines (song birds) are the largest order of birds with over 6.500 species. That is 60% of all bird species|Most birds are unable to move their eyes, instead moving their whole head to get a good view of their surroundings.",-,-,-,-,-
Aegithalos caudatus,Die dünnen und langen Schwanzfedern machen 60 Prozent der Körperlänge aus.,"Tyrannosaurus Rex is more closely related to sparrows than to Stegosaurus.|Passerines (song birds) are the largest order of birds with over 6.500 species. That is 60% of all bird species|Most birds are unable to move their eyes, instead moving their whole head to get a good view of their surroundings.",-,-,-,-,-
Aix galericulata,In China stehen Mandarinenten symbolisch für eheliche Treue.,"Tyrannosaurus Rex is more closely related to sparrows than to Stegosaurus.|Passerines (song birds) are the largest order of birds with over 6.500 species. That is 60% of all bird species|Most birds are unable to move their eyes, instead moving their whole head to get a good view of their surroundings.",-,-,-,-,-
Alauda arvensis,Sie sind sehr ausdauernd und können bis zu 15 Minuten lang im Singflug ihre Strophen vortragen. Dabei steigen sie bis zu 100 Metern auf – eine gewaltige Atemleistung.,"Tyrannosaurus Rex is more closely related to sparrows than to Stegosaurus.|Passerines (song birds) are the largest order of birds with over 6.500 species. That is 60% of all bird species|Most birds are unable to move their eyes, instead moving their whole head to get a good view of their surroundings.",-,-,-,-,-
Alcedo atthis,"Eisvögel praktizieren die Schachtelbrut: Das Weibchen brütet oft schon auf dem zweiten Gelege, während das Männchen noch die Küken aus dem vorherigen Gelege füttert.","Tyrannosaurus Rex is more closely related to sparrows than to Stegosaurus.|Passerines (song birds) are the largest order of birds with over 6.500 species. That is 60% of all bird species|Most birds are unable to move their eyes, instead moving their whole head to get a good view of their surroundings.",-,-,-,-,-
Alopochen aegyptiaca,Beim Brutplatz ist die Nilgans nicht wählerisch. Man findet ihre Nester in Storchenhorsten oder auf Brückenpfeilern.,"Tyrannosaurus Rex is more closely related to sparrows than to Stegosaurus.|Passerines (song birds) are the largest order of birds with over 6.500 species. That is 60% of all bird species|Most birds are unable to move their eyes, instead moving their whole head to get a good view of their surroundings.",-,-,-,-,-
Anas acuta,Die älteste entdeckte Spießente war 27 Jahre alt.,"Tyrannosaurus Rex is more closely related to sparrows than to Stegosaurus.|Passerines (song birds) are the largest order of birds with over 6.500 species. That is 60% of all bird species|Most birds are unable to move their eyes, instead moving their whole head to get a good view of their surroundings.",-,-,-,-,-
Anas crecca,"Verlässt das Weibchen während der Brutzeit das Nest, wird es vom Männchen stets eng begleitet.","Tyrannosaurus Rex is more closely related to sparrows than to Stegosaurus.|Passerines (song birds) are the largest order of birds with over 6.500 species. That is 60% of all bird species|Most birds are unable to move their eyes, instead moving their whole head to get a good view of their surroundings.",-,-,-,-,-
Anas platyrhynchos,Die Weibchen brüten auch immer mal wieder in Balkonkästen. Feuerwehr oder Naturschützer bringen dann Entenmutter und Küken nach dem Schlupf zum nächsten Teich.,"Females also breed in flower pots on the windows from time to time. After hatching, the fire brigade or environmentalists move the duck and chicks to a nearby pond.",-,-,-,-,Самки также время от времени размножаются в цветочных горшках на окнах. После вылупления пожарная бригада или защитники окружающей среды переносят утку и птенцов в ближайший пруд.
Anser albifrons,Die älteste beringte wilde Blässgans war 25 Jahre alt.,"Tyrannosaurus Rex is more closely related to sparrows than to Stegosaurus.|Passerines (song birds) are the largest order of birds with over 6.500 species. That is 60% of all bird species|Most birds are unable to move their eyes, instead moving their whole head to get a good view of their surroundings.",-,-,-,-,-
Anser anser,Bei Graugänsen gibt es auch gleichgeschlechtliche Partnerschaften zwischen Männchen.,"Tyrannosaurus Rex is more closely related to sparrows than to Stegosaurus.|Passerines (song birds) are the largest order of birds with over 6.500 species. That is 60% of all bird species|Most birds are unable to move their eyes, instead moving their whole head to get a good view of their surroundings.",-,-,-,-,-
Anser serrirostris,"Tyrannosaurus Rex ist näher mit dem Spatz verwandt als mit dem Stegosaurus.|Passeriformes (Singvögel) bilden mit etwa 6.500 Arten die größte Ordnung innerhalb der Vögel. Sie machen damit etwa 60% aller Vogelarten aus. |Die Lunge eines Vogels nimmt viel mehr Platz in ihrem Körper ein als die eines Menschen. Zum Beispiel machen die Lungen eines Menschen ein Zwanzigstel ihres Körpers aus, während ein Vogel ein Fünftel beansprucht.","Tyrannosaurus Rex is more closely related to sparrows than to Stegosaurus.|Passerines (song birds) are the largest order of birds with over 6.500 species. That is 60% of all bird species|Most birds are unable to move their eyes, instead moving their whole head to get a good view of their surroundings.",-,-,-,-,-
Anthus pratensis,Der Kuckuck legt gern sein Ei in das Nest des Wiesenpiepers.,"Tyrannosaurus Rex is more closely related to sparrows than to Stegosaurus.|Passerines (song birds) are the largest order of birds with over 6.500 species. That is 60% of all bird species|Most birds are unable to move their eyes, instead moving their whole head to get a good view of their surroundings.",-,-,-,-,-
Anthus spinoletta,"Tyrannosaurus Rex ist näher mit dem Spatz verwandt als mit dem Stegosaurus.|Passeriformes (Singvögel) bilden mit etwa 6.500 Arten die größte Ordnung innerhalb der Vögel. Sie machen damit etwa 60% aller Vogelarten aus. |Die Lunge eines Vogels nimmt viel mehr Platz in ihrem Körper ein als die eines Menschen. Zum Beispiel machen die Lungen eines Menschen ein Zwanzigstel ihres Körpers aus, während ein Vogel ein Fünftel beansprucht.","Tyrannosaurus Rex is more closely related to sparrows than to Stegosaurus.|Passerines (song birds) are the largest order of birds with over 6.500 species. That is 60% of all bird species|Most birds are unable to move their eyes, instead moving their whole head to get a good view of their surroundings.",-,-,-,-,-
Anthus trivialis,Schon mal einem Baumpieper beim Singflug zugeschaut? Nein? Dann wird es höchste Zeit! Denn der Baumpieper wirkt beim Landen ein bisschen wie ein abstürzendes Segelflugzeug.,"Tyrannosaurus Rex is more closely related to sparrows than to Stegosaurus.|Passerines (song birds) are the largest order of birds with over 6.500 species. That is 60% of all bird species|Most birds are unable to move their eyes, instead moving their whole head to get a good view of their surroundings.",-,-,-,-,-
Apus apus,Außerhalb der Fortpflanzungszeit verbringen Mauersegler mehrere Monate lang fliegend. Dabei können sie sogar schlafen und im Flug Sex haben.,"Tyrannosaurus Rex is more closely related to sparrows than to Stegosaurus.|Passerines (song birds) are the largest order of birds with over 6.500 species. That is 60% of all bird species|Most birds are unable to move their eyes, instead moving their whole head to get a good view of their surroundings.",-,-,-,-,-
Ardea alba,"Es ist vermutlich nur noch eine Frage der Zeit, bis er hier ein regelmäßiger Brutvogel wird.","Tyrannosaurus Rex is more closely related to sparrows than to Stegosaurus.|Passerines (song birds) are the largest order of birds with over 6.500 species. That is 60% of all bird species|Most birds are unable to move their eyes, instead moving their whole head to get a good view of their surroundings.",-,-,-,-,-
Ardea cinerea,"Sie erschließen immer mehr neue Brutgebiete, so kann man Brutkolonien mittlerweile auch teilweise in Zoos in Städten antreffen.","Tyrannosaurus Rex is more closely related to sparrows than to Stegosaurus.|Passerines (song birds) are the largest order of birds with over 6.500 species. That is 60% of all bird species|Most birds are unable to move their eyes, instead moving their whole head to get a good view of their surroundings.",-,-,-,-,-
Ardea purpurea,Der fortschreitende Klimawandel wird die Ausbreitung des Purpurreihers in Deutschland begünstigen.,"Tyrannosaurus Rex is more closely related to sparrows than to Stegosaurus.|Passerines (song birds) are the largest order of birds with over 6.500 species. That is 60% of all bird species|Most birds are unable to move their eyes, instead moving their whole head to get a good view of their surroundings.",-,-,-,-,-
Asio flammeus,"Mit ihrem tarnfarbigen Gefieder ist sie so gut an ihre Umgebung angepasst, dass man sie wirklich kaum entdeckt.","Tyrannosaurus Rex is more closely related to sparrows than to Stegosaurus.|Passerines (song birds) are the largest order of birds with over 6.500 species. That is 60% of all bird species|Most birds are unable to move their eyes, instead moving their whole head to get a good view of their surroundings.",-,-,-,-,-
Asio otus,"Waldohreulen bauen meist nicht selbst ihre Nester, sondern brüten in alten Krähen- oder Greifvogelnestern.","Tyrannosaurus Rex is more closely related to sparrows than to Stegosaurus.|Passerines (song birds) are the largest order of birds with over 6.500 species. That is 60% of all bird species|Most birds are unable to move their eyes, instead moving their whole head to get a good view of their surroundings.",-,-,-,-,-
Athene noctua,Sein wissenschaftlichen Namens bedeutet so viel wie „Athene bei Nacht“.,"Tyrannosaurus Rex is more closely related to sparrows than to Stegosaurus.|Passerines (song birds) are the largest order of birds with over 6.500 species. That is 60% of all bird species|Most birds are unable to move their eyes, instead moving their whole head to get a good view of their surroundings.",-,-,-,-,-
Aythya ferina,Die Tafelente wurde früher gerne verspeist. Der lateinische Begriff „ferina“ bedeutet „Wildbret“.,"Tyrannosaurus Rex is more closely related to sparrows than to Stegosaurus.|Passerines (song birds) are the largest order of birds with over 6.500 species. That is 60% of all bird species|Most birds are unable to move their eyes, instead moving their whole head to get a good view of their surroundings.",-,-,-,-,-
Aythya fuligula,"Tyrannosaurus Rex ist näher mit dem Spatz verwandt als mit dem Stegosaurus.|Passeriformes (Singvögel) bilden mit etwa 6.500 Arten die größte Ordnung innerhalb der Vögel. Sie machen damit etwa 60% aller Vogelarten aus. |Die Lunge eines Vogels nimmt viel mehr Platz in ihrem Körper ein als die eines Menschen. Zum Beispiel machen die Lungen eines Menschen ein Zwanzigstel ihres Körpers aus, während ein Vogel ein Fünftel beansprucht.","Tyrannosaurus Rex is more closely related to sparrows than to Stegosaurus.|Passerines (song birds) are the largest order of birds with over 6.500 species. That is 60% of all bird species|Most birds are unable to move their eyes, instead moving their whole head to get a good view of their surroundings.",-,-,-,-,-
Branta canadensis,"Wenn Kanadagänse selber keinen Bruterfolg hatten, entführen sie auch schon mal den Nachwuchs von Artgenossen.","Tyrannosaurus Rex is more closely related to sparrows than to Stegosaurus.|Passerines (song birds) are the largest order of birds with over 6.500 species. That is 60% of all bird species|Most birds are unable to move their eyes, instead moving their whole head to get a good view of their surroundings.",-,-,-,-,-
Branta leucopsis,Die Hinterlassenschaften brütender Weißwangengänse liegen ringförmig um ihr Nest.,"Tyrannosaurus Rex is more closely related to sparrows than to Stegosaurus.|Passerines (song birds) are the largest order of birds with over 6.500 species. That is 60% of all bird species|Most birds are unable to move their eyes, instead moving their whole head to get a good view of their surroundings.",-,-,-,-,-
Bubo bubo,"Die markanten Federohren dienen nicht dem Hören, sondern dazu, die Stimmung wiederzugeben.","Tyrannosaurus Rex is more closely related to sparrows than to Stegosaurus.|Passerines (song birds) are the largest order of birds with over 6.500 species. That is 60% of all bird species|Most birds are unable to move their eyes, instead moving their whole head to get a good view of their surroundings.",-,-,-,-,-
Bucephala clangula,Die gerade geschlüpften Schellentenküken springen aus den Nisthöhlen zum Teil über zehn Meter auf den Boden und tun sich nichts.,"Tyrannosaurus Rex is more closely related to sparrows than to Stegosaurus.|Passerines (song birds) are the largest order of birds with over 6.500 species. That is 60% of all bird species|Most birds are unable to move their eyes, instead moving their whole head to get a good view of their surroundings.",-,-,-,-,-
Buteo buteo,"Es gibt viele verschiedene Morphen, die von fast ganz weiß bis dunkelbraun variieren können.","Tyrannosaurus Rex is more closely related to sparrows than to Stegosaurus.|Passerines (song birds) are the largest order of birds with over 6.500 species. That is 60% of all bird species|Most birds are unable to move their eyes, instead moving their whole head to get a good view of their surroundings.",-,-,-,-,-
Calidris alpina,Drei Viertel seines Lebens verbringt er auf dem Zug oder im Winterquartier.,"Tyrannosaurus Rex is more closely related to sparrows than to Stegosaurus.|Passerines (song birds) are the largest order of birds with over 6.500 species. That is 60% of all bird species|Most birds are unable to move their eyes, instead moving their whole head to get a good view of their surroundings.",-,-,-,-,-
Calidris pugnax,Die Farben der spektakulären Halskrausen der Männchen reichen von Weiß über Gelb- und Rottöne bis Schwarz. In einem Trupp sieht kaum ein Männchen aus wie das andere.,"Tyrannosaurus Rex is more closely related to sparrows than to Stegosaurus.|Passerines (song birds) are the largest order of birds with over 6.500 species. That is 60% of all bird species|Most birds are unable to move their eyes, instead moving their whole head to get a good view of their surroundings.",-,-,-,-,-
Carduelis carduelis,"Einer Sage nach hat der Stieglitz, um den Schmerz zu lindern, einen Dorn aus der Haut Jesu Christi gezogen und kam durch das heilige Blut an seine rote Gesichtsmaske.","Tyrannosaurus Rex is more closely related to sparrows than to Stegosaurus.|Passerines (song birds) are the largest order of birds with over 6.500 species. That is 60% of all bird species|Most birds are unable to move their eyes, instead moving their whole head to get a good view of their surroundings.",-,-,-,-,-
Certhia brachydactyla,"In kalten Nächten schlafen Gartenbaumläufer in Gruppen und wechseln immer wieder die Position, sodass jeder mal den wärmsten Platz in der Mitte hat","Tyrannosaurus Rex is more closely related to sparrows than to Stegosaurus.|Passerines (song birds) are the largest order of birds with over 6.500 species. That is 60% of all bird species|Most birds are unable to move their eyes, instead moving their whole head to get a good view of their surroundings.",-,-,-,-,-
Certhia familiaris,Waldbaumläufer laufen am Tag eine Strecke von bis zu drei Kilometern an Bäumen hoch.,"Tyrannosaurus Rex is more closely related to sparrows than to Stegosaurus.|Passerines (song birds) are the largest order of birds with over 6.500 species. That is 60% of all bird species|Most birds are unable to move their eyes, instead moving their whole head to get a good view of their surroundings.",-,-,-,-,-
Charadrius dubius,In manchen Regionen brüten Flussregenpfeifer auf den Stellflächen von Windrädern.,"Tyrannosaurus Rex is more closely related to sparrows than to Stegosaurus.|Passerines (song birds) are the largest order of birds with over 6.500 species. That is 60% of all bird species|Most birds are unable to move their eyes, instead moving their whole head to get a good view of their surroundings.",-,-,-,-,-
Charadrius hiaticula,"Tyrannosaurus Rex ist näher mit dem Spatz verwandt als mit dem Stegosaurus.|Passeriformes (Singvögel) bilden mit etwa 6.500 Arten die größte Ordnung innerhalb der Vögel. Sie machen damit etwa 60% aller Vogelarten aus. |Die Lunge eines Vogels nimmt viel mehr Platz in ihrem Körper ein als die eines Menschen. Zum Beispiel machen die Lungen eines Menschen ein Zwanzigstel ihres Körpers aus, während ein Vogel ein Fünftel beansprucht.","Tyrannosaurus Rex is more closely related to sparrows than to Stegosaurus.|Passerines (song birds) are the largest order of birds with over 6.500 species. That is 60% of all bird species|Most birds are unable to move their eyes, instead moving their whole head to get a good view of their surroundings.",-,-,-,-,-
Chloris chloris,"Tyrannosaurus Rex ist näher mit dem Spatz verwandt als mit dem Stegosaurus.|Passeriformes (Singvögel) bilden mit etwa 6.500 Arten die größte Ordnung innerhalb der Vögel. Sie machen damit etwa 60% aller Vogelarten aus. |Die Lunge eines Vogels nimmt viel mehr Platz in ihrem Körper ein als die eines Menschen. Zum Beispiel machen die Lungen eines Menschen ein Zwanzigstel ihres Körpers aus, während ein Vogel ein Fünftel beansprucht.","Tyrannosaurus Rex is more closely related to sparrows than to Stegosaurus.|Passerines (song birds) are the largest order of birds with over 6.500 species. That is 60% of all bird species|Most birds are unable to move their eyes, instead moving their whole head to get a good view of their surroundings.",-,-,-,-,-
Chroicocephalus ridibundus,"Den Zugang in die Brutkolonie erhalten Lachmöwen erst, wenn im dritten Lebensjahr ihr Kopf eindeutig dunkel gefärbt ist.","Tyrannosaurus Rex is more closely related to sparrows than to Stegosaurus.|Passerines (song birds) are the largest order of birds with over 6.500 species. That is 60% of all bird species|Most birds are unable to move their eyes, instead moving their whole head to get a good view of their surroundings.",-,-,-,-,-
Ciconia ciconia,"Der Weißstorch wird auch „Klapperstorch“ genannt, was auf das laute, charakteristische Klappern des Schnabels am Nest zurückzuführen ist.","Tyrannosaurus Rex is more closely related to sparrows than to Stegosaurus.|Passerines (song birds) are the largest order of birds with over 6.500 species. That is 60% of all bird species|Most birds are unable to move their eyes, instead moving their whole head to get a good view of their surroundings.",-,-,-,-,-
Cinclus cinclus,"Sie ist so sehr ans Leben am Wasser angepasst, dass sie sogar unter dem Wasser mehrere Meter laufen kann.","Tyrannosaurus Rex is more closely related to sparrows than to Stegosaurus.|Passerines (song birds) are the largest order of birds with over 6.500 species. That is 60% of all bird species|Most birds are unable to move their eyes, instead moving their whole head to get a good view of their surroundings.",-,-,-,-,-
Circus aeruginosus,"Ihr Name deutet darauf hin, dass sie häufig in Röhrichten brütet.","Tyrannosaurus Rex is more closely related to sparrows than to Stegosaurus.|Passerines (song birds) are the largest order of birds with over 6.500 species. That is 60% of all bird species|Most birds are unable to move their eyes, instead moving their whole head to get a good view of their surroundings.",-,-,-,-,-
Circus cyaneus,Der Name mag etwas irreführend sein – in Kornfeldern trifft man sie selten an.,"Tyrannosaurus Rex is more closely related to sparrows than to Stegosaurus.|Passerines (song birds) are the largest order of birds with over 6.500 species. That is 60% of all bird species|Most birds are unable to move their eyes, instead moving their whole head to get a good view of their surroundings.",-,-,-,-,-
Coccothraustes coccothraustes,Mit seinem Schnabel kann er einen Druck bis zu 50 Kilogramm aufbauen und so locker Nüsse und Kerne knacken.,"Tyrannosaurus Rex is more closely related to sparrows than to Stegosaurus.|Passerines (song birds) are the largest order of birds with over 6.500 species. That is 60% of all bird species|Most birds are unable to move their eyes, instead moving their whole head to get a good view of their surroundings.",-,-,-,-,-
Columba livia domestica,"Tyrannosaurus Rex ist näher mit dem Spatz verwandt als mit dem Stegosaurus.|Passeriformes (Singvögel) bilden mit etwa 6.500 Arten die größte Ordnung innerhalb der Vögel. Sie machen damit etwa 60% aller Vogelarten aus. |Die Lunge eines Vogels nimmt viel mehr Platz in ihrem Körper ein als die eines Menschen. Zum Beispiel machen die Lungen eines Menschen ein Zwanzigstel ihres Körpers aus, während ein Vogel ein Fünftel beansprucht.","Tyrannosaurus Rex is more closely related to sparrows than to Stegosaurus.|Passerines (song birds) are the largest order of birds with over 6.500 species. That is 60% of all bird species|Most birds are unable to move their eyes, instead moving their whole head to get a good view of their surroundings.",-,-,-,-,-
Columba oenas,"Tyrannosaurus Rex ist näher mit dem Spatz verwandt als mit dem Stegosaurus.|Passeriformes (Singvögel) bilden mit etwa 6.500 Arten die größte Ordnung innerhalb der Vögel. Sie machen damit etwa 60% aller Vogelarten aus. |Die Lunge eines Vogels nimmt viel mehr Platz in ihrem Körper ein als die eines Menschen. Zum Beispiel machen die Lungen eines Menschen ein Zwanzigstel ihres Körpers aus, während ein Vogel ein Fünftel beansprucht.","Tyrannosaurus Rex is more closely related to sparrows than to Stegosaurus.|Passerines (song birds) are the largest order of birds with over 6.500 species. That is 60% of all bird species|Most birds are unable to move their eyes, instead moving their whole head to get a good view of their surroundings.",-,-,-,-,-
Columba palumbus,"Tyrannosaurus Rex ist näher mit dem Spatz verwandt als mit dem Stegosaurus.|Passeriformes (Singvögel) bilden mit etwa 6.500 Arten die größte Ordnung innerhalb der Vögel. Sie machen damit etwa 60% aller Vogelarten aus. |Die Lunge eines Vogels nimmt viel mehr Platz in ihrem Körper ein als die eines Menschen. Zum Beispiel machen die Lungen eines Menschen ein Zwanzigstel ihres Körpers aus, während ein Vogel ein Fünftel beansprucht.","Tyrannosaurus Rex is more closely related to sparrows than to Stegosaurus.|Passerines (song birds) are the largest order of birds with over 6.500 species. That is 60% of all bird species|Most birds are unable to move their eyes, instead moving their whole head to get a good view of their surroundings.",-,-,-,-,-
Corvus corax,Kolkraben nutzen eine eigene Sprache. Bis zu 79 verschiedene Rufe konnten nachgewiesen werden. Sogar Regeln für den Gebrauch gibt es.,"Tyrannosaurus Rex is more closely related to sparrows than to Stegosaurus.|Passerines (song birds) are the largest order of birds with over 6.500 species. That is 60% of all bird species|Most birds are unable to move their eyes, instead moving their whole head to get a good view of their surroundings.",-,-,-,-,-
Corvus cornix,"Im Osten Deutschlands ist die Nebelkrähe häufig, im Westen trifft man eher auf Rabenkrähen. Im Überschneidungsgebiet sind häufig Hybriden unterwegs.","Tyrannosaurus Rex is more closely related to sparrows than to Stegosaurus.|Passerines (song birds) are the largest order of birds with over 6.500 species. That is 60% of all bird species|Most birds are unable to move their eyes, instead moving their whole head to get a good view of their surroundings.",-,-,-,-,-
Corvus corone,"Tyrannosaurus Rex ist näher mit dem Spatz verwandt als mit dem Stegosaurus.|Passeriformes (Singvögel) bilden mit etwa 6.500 Arten die größte Ordnung innerhalb der Vögel. Sie machen damit etwa 60% aller Vogelarten aus. |Die Lunge eines Vogels nimmt viel mehr Platz in ihrem Körper ein als die eines Menschen. Zum Beispiel machen die Lungen eines Menschen ein Zwanzigstel ihres Körpers aus, während ein Vogel ein Fünftel beansprucht.","Tyrannosaurus Rex is more closely related to sparrows than to Stegosaurus.|Passerines (song birds) are the largest order of birds with over 6.500 species. That is 60% of all bird species|Most birds are unable to move their eyes, instead moving their whole head to get a good view of their surroundings.",-,-,-,-,-
Corvus frugilegus,"Saatkrähen machen sich während der Balzzeit gegenseitig Geschenke, meist in Form von Futter.","Tyrannosaurus Rex is more closely related to sparrows than to Stegosaurus.|Passerines (song birds) are the largest order of birds with over 6.500 species. That is 60% of all bird species|Most birds are unable to move their eyes, instead moving their whole head to get a good view of their surroundings.",-,-,-,-,-
Corvus monedula,Dohlen sind hochintelligente und sehr soziale Vögel. Sie kümmern sich sogar um kranke Tiere und helfen bei der Versorgung anderer Jungtiere.,"Tyrannosaurus Rex is more closely related to sparrows than to Stegosaurus.|Passerines (song birds) are the largest order of birds with over 6.500 species. That is 60% of all bird species|Most birds are unable to move their eyes, instead moving their whole head to get a good view of their surroundings.",-,-,-,-,-
Coturnix coturnix,Wachteleier sind nur etwa 30 Millimeter groß.,"Tyrannosaurus Rex is more closely related to sparrows than to Stegosaurus.|Passerines (song birds) are the largest order of birds with over 6.500 species. That is 60% of all bird species|Most birds are unable to move their eyes, instead moving their whole head to get a good view of their surroundings.",-,-,-,-,-
Cuculus canorus,Farbe und Größe der Kuckuckseier sind variabel. Sie richten sich nach dem Aussehen der Eier der Wirtsvögel.,"Tyrannosaurus Rex is more closely related to sparrows than to Stegosaurus.|Passerines (song birds) are the largest order of birds with over 6.500 species. That is 60% of all bird species|Most birds are unable to move their eyes, instead moving their whole head to get a good view of their surroundings.",-,-,-,-,-
Curruca communis,"Tyrannosaurus Rex ist näher mit dem Spatz verwandt als mit dem Stegosaurus.|Passeriformes (Singvögel) bilden mit etwa 6.500 Arten die größte Ordnung innerhalb der Vögel. Sie machen damit etwa 60% aller Vogelarten aus. |Die Lunge eines Vogels nimmt viel mehr Platz in ihrem Körper ein als die eines Menschen. Zum Beispiel machen die Lungen eines Menschen ein Zwanzigstel ihres Körpers aus, während ein Vogel ein Fünftel beansprucht.","Tyrannosaurus Rex is more closely related to sparrows than to Stegosaurus.|Passerines (song birds) are the largest order of birds with over 6.500 species. That is 60% of all bird species|Most birds are unable to move their eyes, instead moving their whole head to get a good view of their surroundings.",-,-,-,-,-
Curruca curruca,"Tyrannosaurus Rex ist näher mit dem Spatz verwandt als mit dem Stegosaurus.|Passeriformes (Singvögel) bilden mit etwa 6.500 Arten die größte Ordnung innerhalb der Vögel. Sie machen damit etwa 60% aller Vogelarten aus. |Die Lunge eines Vogels nimmt viel mehr Platz in ihrem Körper ein als die eines Menschen. Zum Beispiel machen die Lungen eines Menschen ein Zwanzigstel ihres Körpers aus, während ein Vogel ein Fünftel beansprucht.","Tyrannosaurus Rex is more closely related to sparrows than to Stegosaurus.|Passerines (song birds) are the largest order of birds with over 6.500 species. That is 60% of all bird species|Most birds are unable to move their eyes, instead moving their whole head to get a good view of their surroundings.",-,-,-,-,-
Cyanistes caeruleus,Blaumeisen wiegen nur ungefähr so viel wie zwei 20-Cent-Münzen. Bei diesem Fliegengewicht können sie sich auch an dünnen Zweigen kopfüber entlang hangeln.,Blue tits only weigh about as much as two 20 cent coins. With this flyweight they can also shimmy upside down on thin branches.,-,-,-,-,Лазоревки весят не больше двух 20-центовых монет. С таким весом они могут перемещаться вверх ногами на тонких ветках.
Cygnus columbianus bewickii,"Tyrannosaurus Rex ist näher mit dem Spatz verwandt als mit dem Stegosaurus.|Passeriformes (Singvögel) bilden mit etwa 6.500 Arten die größte Ordnung innerhalb der Vögel. Sie machen damit etwa 60% aller Vogelarten aus. |Die Lunge eines Vogels nimmt viel mehr Platz in ihrem Körper ein als die eines Menschen. Zum Beispiel machen die Lungen eines Menschen ein Zwanzigstel ihres Körpers aus, während ein Vogel ein Fünftel beansprucht.","Tyrannosaurus Rex is more closely related to sparrows than to Stegosaurus.|Passerines (song birds) are the largest order of birds with over 6.500 species. That is 60% of all bird species|Most birds are unable to move their eyes, instead moving their whole head to get a good view of their surroundings.",-,-,-,-,-
Cygnus cygnus,"Singschwäne ziehen häufig als Familie ins Überwinterungsgebiet, trennen sich dann aber im Frühjahr auf dem Rückzug.","Tyrannosaurus Rex is more closely related to sparrows than to Stegosaurus.|Passerines (song birds) are the largest order of birds with over 6.500 species. That is 60% of all bird species|Most birds are unable to move their eyes, instead moving their whole head to get a good view of their surroundings.",-,-,-,-,-
Cygnus olor,"Der elegante Schwan gilt häufig als Symbol der Liebe, allerdings zeigt er im Frühjahr am Brutplatz ein aggressives Verhalten gegenüber potenziellen Feinden.","Tyrannosaurus Rex is more closely related to sparrows than to Stegosaurus.|Passerines (song birds) are the largest order of birds with over 6.500 species. That is 60% of all bird species|Most birds are unable to move their eyes, instead moving their whole head to get a good view of their surroundings.",-,-,-,-,-
Delichon urbicum,Ein Lehmnest besteht aus bis zu 1500 gesammelten Lehmkügelchen.,"Tyrannosaurus Rex is more closely related to sparrows than to Stegosaurus.|Passerines (song birds) are the largest order of birds with over 6.500 species. That is 60% of all bird species|Most birds are unable to move their eyes, instead moving their whole head to get a good view of their surroundings.",-,-,-,-,-
Dendrocopos major,"Es soll Spechtschmieden geben, unter denen schon mehrere Tausend leere Kiefern- und Fichtenzapfen gefunden wurden.","Tyrannosaurus Rex is more closely related to sparrows than to Stegosaurus.|Passerines (song birds) are the largest order of birds with over 6.500 species. That is 60% of all bird species|Most birds are unable to move their eyes, instead moving their whole head to get a good view of their surroundings.",-,-,-,-,-
Dendrocoptes medius,Baumsaft spielt für die Ernährung des Mittelspechts eine wichtige Rolle. Mit seiner langen Zunge wird dieser vom Stamm abgeleckt.,"Tyrannosaurus Rex is more closely related to sparrows than to Stegosaurus.|Passerines (song birds) are the largest order of birds with over 6.500 species. That is 60% of all bird species|Most birds are unable to move their eyes, instead moving their whole head to get a good view of their surroundings.",-,-,-,-,-
Dryobates minor,"In Südamerika gibt es noch kleinere Spechtarten, zum Beispiel den Goldstirn-Zwergspecht mit einer Gesamtlänge von nur 7,5 Zentimetern.","Tyrannosaurus Rex is more closely related to sparrows than to Stegosaurus.|Passerines (song birds) are the largest order of birds with over 6.500 species. That is 60% of all bird species|Most birds are unable to move their eyes, instead moving their whole head to get a good view of their surroundings.",-,-,-,-,-
Dryocopus martius,Sein wissenschaftlicher Gattungsname bedeutet so viel wie „kriegerischer Eichenhämmerer“.,"Tyrannosaurus Rex is more closely related to sparrows than to Stegosaurus.|Passerines (song birds) are the largest order of birds with over 6.500 species. That is 60% of all bird species|Most birds are unable to move their eyes, instead moving their whole head to get a good view of their surroundings.",-,-,-,-,-
Emberiza citrinella,"Merksprüche für Vogelgesänge sind meistens etwas albern, helfen aber garantiert. Bei der Goldammer hört man mit etwas Fantasie ein „wie-wie-wie hab ich die liiiieb“.","Tyrannosaurus Rex is more closely related to sparrows than to Stegosaurus.|Passerines (song birds) are the largest order of birds with over 6.500 species. That is 60% of all bird species|Most birds are unable to move their eyes, instead moving their whole head to get a good view of their surroundings.",-,-,-,-,-
Emberiza schoeniclus,"Tyrannosaurus Rex ist näher mit dem Spatz verwandt als mit dem Stegosaurus.|Passeriformes (Singvögel) bilden mit etwa 6.500 Arten die größte Ordnung innerhalb der Vögel. Sie machen damit etwa 60% aller Vogelarten aus. |Die Lunge eines Vogels nimmt viel mehr Platz in ihrem Körper ein als die eines Menschen. Zum Beispiel machen die Lungen eines Menschen ein Zwanzigstel ihres Körpers aus, während ein Vogel ein Fünftel beansprucht.","Tyrannosaurus Rex is more closely related to sparrows than to Stegosaurus.|Passerines (song birds) are the largest order of birds with over 6.500 species. That is 60% of all bird species|Most birds are unable to move their eyes, instead moving their whole head to get a good view of their surroundings.",-,-,-,-,-
Erithacus rubecula,"Tyrannosaurus Rex ist näher mit dem Spatz verwandt als mit dem Stegosaurus.|Passeriformes (Singvögel) bilden mit etwa 6.500 Arten die größte Ordnung innerhalb der Vögel. Sie machen damit etwa 60% aller Vogelarten aus. |Die Lunge eines Vogels nimmt viel mehr Platz in ihrem Körper ein als die eines Menschen. Zum Beispiel machen die Lungen eines Menschen ein Zwanzigstel ihres Körpers aus, während ein Vogel ein Fünftel beansprucht.","Tyrannosaurus Rex is more closely related to sparrows than to Stegosaurus.|Passerines (song birds) are the largest order of birds with over 6.500 species. That is 60% of all bird species|Most birds are unable to move their eyes, instead moving their whole head to get a good view of their surroundings.",-,-,-,-,-
Falco peregrinus,"Tyrannosaurus Rex ist näher mit dem Spatz verwandt als mit dem Stegosaurus.|Passeriformes (Singvögel) bilden mit etwa 6.500 Arten die größte Ordnung innerhalb der Vögel. Sie machen damit etwa 60% aller Vogelarten aus. |Die Lunge eines Vogels nimmt viel mehr Platz in ihrem Körper ein als die eines Menschen. Zum Beispiel machen die Lungen eines Menschen ein Zwanzigstel ihres Körpers aus, während ein Vogel ein Fünftel beansprucht.","Tyrannosaurus Rex is more closely related to sparrows than to Stegosaurus.|Passerines (song birds) are the largest order of birds with over 6.500 species. That is 60% of all bird species|Most birds are unable to move their eyes, instead moving their whole head to get a good view of their surroundings.",-,-,-,-,-
Falco subbuteo,"Hat er eine Libelle gefangen, knippst er ihr häufig im Flug noch die Flügel mit dem Schnabel ab, um sie dann zu verspeisen.","Tyrannosaurus Rex is more closely related to sparrows than to Stegosaurus.|Passerines (song birds) are the largest order of birds with over 6.500 species. That is 60% of all bird species|Most birds are unable to move their eyes, instead moving their whole head to get a good view of their surroundings.",-,-,-,-,-
Falco tinnunculus,Als einzige der in Deutschland brütenden Falkenarten ist das Aussehen von Männlein und Weiblein beim Turmfalken unterschiedlich.,"Tyrannosaurus Rex is more closely related to sparrows than to Stegosaurus.|Passerines (song birds) are the largest order of birds with over 6.500 species. That is 60% of all bird species|Most birds are unable to move their eyes, instead moving their whole head to get a good view of their surroundings.",-,-,-,-,-
Ficedula hypoleuca,"Tyrannosaurus Rex ist näher mit dem Spatz verwandt als mit dem Stegosaurus.|Passeriformes (Singvögel) bilden mit etwa 6.500 Arten die größte Ordnung innerhalb der Vögel. Sie machen damit etwa 60% aller Vogelarten aus. |Die Lunge eines Vogels nimmt viel mehr Platz in ihrem Körper ein als die eines Menschen. Zum Beispiel machen die Lungen eines Menschen ein Zwanzigstel ihres Körpers aus, während ein Vogel ein Fünftel beansprucht.","Tyrannosaurus Rex is more closely related to sparrows than to Stegosaurus.|Passerines (song birds) are the largest order of birds with over 6.500 species. That is 60% of all bird species|Most birds are unable to move their eyes, instead moving their whole head to get a good view of their surroundings.",-,-,-,-,-
Fringilla coelebs,Buchfinken haben unterschiedliche regionale Dialekte.,Chaffinches have different regional dialects.,-,-,-,-,У зябликов есть разные региональные диалекты.
Fringilla montifringilla,"Die nächtliche „Böhämmerjagd“ war bis 1908 in der Pfalz sehr beliebt. Die Vögel saßen eng aufgereiht und rückten einfach nach, wenn durch Abschuss eine Lücke entstand.","Tyrannosaurus Rex is more closely related to sparrows than to Stegosaurus.|Passerines (song birds) are the largest order of birds with over 6.500 species. That is 60% of all bird species|Most birds are unable to move their eyes, instead moving their whole head to get a good view of their surroundings.",-,-,-,-,-
Fulica atra,Blässhühner sind im Winter eine bevorzugte Beute des Seeadlers.,"Tyrannosaurus Rex is more closely related to sparrows than to Stegosaurus.|Passerines (song birds) are the largest order of birds with over 6.500 species. That is 60% of all bird species|Most birds are unable to move their eyes, instead moving their whole head to get a good view of their surroundings.",-,-,-,-,-
Gallinago gallinago,"Den Spitznamen „Himmelsziege“ verdankt sie dem meckernden Geräusch, das beim Balzflug des Männchens durch das Vibrieren der Steuerfedern erzeugt wird.","Tyrannosaurus Rex is more closely related to sparrows than to Stegosaurus.|Passerines (song birds) are the largest order of birds with over 6.500 species. That is 60% of all bird species|Most birds are unable to move their eyes, instead moving their whole head to get a good view of their surroundings.",-,-,-,-,-
Gallinula chloropus,"Tyrannosaurus Rex ist näher mit dem Spatz verwandt als mit dem Stegosaurus.|Passeriformes (Singvögel) bilden mit etwa 6.500 Arten die größte Ordnung innerhalb der Vögel. Sie machen damit etwa 60% aller Vogelarten aus. |Die Lunge eines Vogels nimmt viel mehr Platz in ihrem Körper ein als die eines Menschen. Zum Beispiel machen die Lungen eines Menschen ein Zwanzigstel ihres Körpers aus, während ein Vogel ein Fünftel beansprucht.","Tyrannosaurus Rex is more closely related to sparrows than to Stegosaurus.|Passerines (song birds) are the largest order of birds with over 6.500 species. That is 60% of all bird species|Most birds are unable to move their eyes, instead moving their whole head to get a good view of their surroundings.",-,-,-,-,-
Garrulus glandarius,Durch das Verstecken von Eicheln haben Eichelhäher erheblich zur Ausbreitung unserer Eichenwälder beigetragen.,"Tyrannosaurus Rex is more closely related to sparrows than to Stegosaurus.|Passerines (song birds) are the largest order of birds with over 6.500 species. That is 60% of all bird species|Most birds are unable to move their eyes, instead moving their whole head to get a good view of their surroundings.",-,-,-,-,-
Grus grus,Im Havelland wurden an einem Tag bis zu 80.000 Kraniche beim Rasten gezählt.,"Tyrannosaurus Rex is more closely related to sparrows than to Stegosaurus.|Passerines (song birds) are the largest order of birds with over 6.500 species. That is 60% of all bird species|Most birds are unable to move their eyes, instead moving their whole head to get a good view of their surroundings.",-,-,-,-,-
Haematopus ostralegus,"Der Name ist etwas irreführend: Weder frisst er häufig Austern, noch fischt er. Er bevorzugt andere Muscheln, Würmer und Krebse.","Tyrannosaurus Rex is more closely related to sparrows than to Stegosaurus.|Passerines (song birds) are the largest order of birds with over 6.500 species. That is 60% of all bird species|Most birds are unable to move their eyes, instead moving their whole head to get a good view of their surroundings.",-,-,-,-,-
Haliaeetus albicilla,Der Horst eines Seeadlers kann einen Durchmesser von bis zu zwei Metern erreichen.,"Tyrannosaurus Rex is more closely related to sparrows than to Stegosaurus.|Passerines (song birds) are the largest order of birds with over 6.500 species. That is 60% of all bird species|Most birds are unable to move their eyes, instead moving their whole head to get a good view of their surroundings.",-,-,-,-,-
Hippolais icterina,Als besonders spät eintreffende und früh abziehende Zugvögel der Gartenvogelwelt verbringen Gelbspötter nur maximal drei Monate des Jahres im Brutgebiet.,"Tyrannosaurus Rex is more closely related to sparrows than to Stegosaurus.|Passerines (song birds) are the largest order of birds with over 6.500 species. That is 60% of all bird species|Most birds are unable to move their eyes, instead moving their whole head to get a good view of their surroundings.",-,-,-,-,-
Hirundo rustica,Rauchschwalben fliegen bis zu 20 Meter pro Sekunde bei vier bis zehn Flügelschlägen.,"Tyrannosaurus Rex is more closely related to sparrows than to Stegosaurus.|Passerines (song birds) are the largest order of birds with over 6.500 species. That is 60% of all bird species|Most birds are unable to move their eyes, instead moving their whole head to get a good view of their surroundings.",-,-,-,-,-
Ichthyaetus melanocephalus,"Wenn Schwarzkopfmöwen keinen Partner finden, können Mischbruten mit Lach- oder Sturmmöwen entstehen. Auch die Adoption der Küken von Lachmöwen wurde beobachtet.","Tyrannosaurus Rex is more closely related to sparrows than to Stegosaurus.|Passerines (song birds) are the largest order of birds with over 6.500 species. That is 60% of all bird species|Most birds are unable to move their eyes, instead moving their whole head to get a good view of their surroundings.",-,-,-,-,-
Lanius collurio,"Neben der Vorratshaltung der Beute scheint auch das Vorbereiten der Nahrung wichtig zu sein: Die Beutetiere werden an Dornen zerteilt, aufgebrochen oder entstachelt.","Tyrannosaurus Rex is more closely related to sparrows than to Stegosaurus.|Passerines (song birds) are the largest order of birds with over 6.500 species. That is 60% of all bird species|Most birds are unable to move their eyes, instead moving their whole head to get a good view of their surroundings.",-,-,-,-,-
Larus argentatus,In Berlin brüten Silbermöwen seit kurzem auf dem Bundeskanzleramt.,"Tyrannosaurus Rex is more closely related to sparrows than to Stegosaurus.|Passerines (song birds) are the largest order of birds with over 6.500 species. That is 60% of all bird species|Most birds are unable to move their eyes, instead moving their whole head to get a good view of their surroundings.",-,-,-,-,-
Larus canus,Die älteste beringte Sturmmöwe war über 33 Jahre alt.,"Tyrannosaurus Rex is more closely related to sparrows than to Stegosaurus.|Passerines (song birds) are the largest order of birds with over 6.500 species. That is 60% of all bird species|Most birds are unable to move their eyes, instead moving their whole head to get a good view of their surroundings.",-,-,-,-,-
Larus fuscus,"Tyrannosaurus Rex ist näher mit dem Spatz verwandt als mit dem Stegosaurus.|Passeriformes (Singvögel) bilden mit etwa 6.500 Arten die größte Ordnung innerhalb der Vögel. Sie machen damit etwa 60% aller Vogelarten aus. |Die Lunge eines Vogels nimmt viel mehr Platz in ihrem Körper ein als die eines Menschen. Zum Beispiel machen die Lungen eines Menschen ein Zwanzigstel ihres Körpers aus, während ein Vogel ein Fünftel beansprucht.","Tyrannosaurus Rex is more closely related to sparrows than to Stegosaurus.|Passerines (song birds) are the largest order of birds with over 6.500 species. That is 60% of all bird species|Most birds are unable to move their eyes, instead moving their whole head to get a good view of their surroundings.",-,-,-,-,-
Larus marinus,Mutige Mantelmöwen jagen sogar Seeadlern und Heringshaien die Beute ab.,"Tyrannosaurus Rex is more closely related to sparrows than to Stegosaurus.|Passerines (song birds) are the largest order of birds with over 6.500 species. That is 60% of all bird species|Most birds are unable to move their eyes, instead moving their whole head to get a good view of their surroundings.",-,-,-,-,-
Larus michahellis,Den ersten Brutnachweis für Deutschland gab es erst im Jahre 1987.,"Tyrannosaurus Rex is more closely related to sparrows than to Stegosaurus.|Passerines (song birds) are the largest order of birds with over 6.500 species. That is 60% of all bird species|Most birds are unable to move their eyes, instead moving their whole head to get a good view of their surroundings.",-,-,-,-,-
Limosa limosa,Auf der Nahrungssuche stößt sie manchmal den kompletten Schnabel in den Schlickboden.,"Tyrannosaurus Rex is more closely related to sparrows than to Stegosaurus.|Passerines (song birds) are the largest order of birds with over 6.500 species. That is 60% of all bird species|Most birds are unable to move their eyes, instead moving their whole head to get a good view of their surroundings.",-,-,-,-,-
Linaria cannabina,"Tyrannosaurus Rex ist näher mit dem Spatz verwandt als mit dem Stegosaurus.|Passeriformes (Singvögel) bilden mit etwa 6.500 Arten die größte Ordnung innerhalb der Vögel. Sie machen damit etwa 60% aller Vogelarten aus. |Die Lunge eines Vogels nimmt viel mehr Platz in ihrem Körper ein als die eines Menschen. Zum Beispiel machen die Lungen eines Menschen ein Zwanzigstel ihres Körpers aus, während ein Vogel ein Fünftel beansprucht.","Tyrannosaurus Rex is more closely related to sparrows than to Stegosaurus.|Passerines (song birds) are the largest order of birds with over 6.500 species. That is 60% of all bird species|Most birds are unable to move their eyes, instead moving their whole head to get a good view of their surroundings.",-,-,-,-,-
Locustella luscinioides,"Bei Gefahr nimmt der Rohrschwirl eine Pfahlstellung ein, bei der er versucht, mit seiner Umgebung zu verschmelzen, beispielsweise indem er einen Schilfhalm imitiert.","Tyrannosaurus Rex is more closely related to sparrows than to Stegosaurus.|Passerines (song birds) are the largest order of birds with over 6.500 species. That is 60% of all bird species|Most birds are unable to move their eyes, instead moving their whole head to get a good view of their surroundings.",-,-,-,-,-
Lophophanes cristatus,Die Haubenmeise ist die einzige europäische Meisenart mit einer voll ausgeprägten Haube.,"Tyrannosaurus Rex is more closely related to sparrows than to Stegosaurus.|Passerines (song birds) are the largest order of birds with over 6.500 species. That is 60% of all bird species|Most birds are unable to move their eyes, instead moving their whole head to get a good view of their surroundings.",-,-,-,-,-
Loxia curvirostra,"Sie brüten in jeder Jahreszeit, also auch mitten im Winter, und orientieren sich dabei am Nahrungsangebot.","Tyrannosaurus Rex is more closely related to sparrows than to Stegosaurus.|Passerines (song birds) are the largest order of birds with over 6.500 species. That is 60% of all bird species|Most birds are unable to move their eyes, instead moving their whole head to get a good view of their surroundings.",-,-,-,-,-
Luscinia luscinia,Sprosser wählen für den Zug in die Winterquartiere eine andere Route als auf dem Rückzug. Ein solches Verhalten nennt man Schleifenzug.,"Tyrannosaurus Rex is more closely related to sparrows than to Stegosaurus.|Passerines (song birds) are the largest order of birds with over 6.500 species. That is 60% of all bird species|Most birds are unable to move their eyes, instead moving their whole head to get a good view of their surroundings.",-,-,-,-,-
Luscinia megarhynchos,"Jedes Männchen hat ein komplexes Repertoire von bis zu 200 Strophentypen. Im Brutgebiet singen sie rund um die Uhr, wenn sie ein Weibchen gefunden haben nur noch tagsüber.","Tyrannosaurus Rex is more closely related to sparrows than to Stegosaurus.|Passerines (song birds) are the largest order of birds with over 6.500 species. That is 60% of all bird species|Most birds are unable to move their eyes, instead moving their whole head to get a good view of their surroundings.",-,-,-,-,-
Luscinia svecica,"In den Alpen gibt es teilweise rotsternige Blaukehlchen, die sonst in Skandinavien beheimatet sind. Ob es sich um Eiszeitrelikte oder Neuansiedlungen handelt, ist unklar.","Tyrannosaurus Rex is more closely related to sparrows than to Stegosaurus.|Passerines (song birds) are the largest order of birds with over 6.500 species. That is 60% of all bird species|Most birds are unable to move their eyes, instead moving their whole head to get a good view of their surroundings.",-,-,-,-,-
Mareca penelope,Für ihre nächtliche Nahrungssuche hat die Pfeifente eine reflektierende Schicht im Auge. Wie eine Katze kann sie damit auch nachts sehr gut sehen.,"Tyrannosaurus Rex is more closely related to sparrows than to Stegosaurus.|Passerines (song birds) are the largest order of birds with over 6.500 species. That is 60% of all bird species|Most birds are unable to move their eyes, instead moving their whole head to get a good view of their surroundings.",-,-,-,-,-
Mareca strepera,Der Artname „strepera“ aus dem Lateinischen bedeutet „lautstark“ und passt somit zur deutschen Artbezeichnung.,"Tyrannosaurus Rex is more closely related to sparrows than to Stegosaurus.|Passerines (song birds) are the largest order of birds with over 6.500 species. That is 60% of all bird species|Most birds are unable to move their eyes, instead moving their whole head to get a good view of their surroundings.",-,-,-,-,-
Mergus merganser,"Frisch geschlüpfte Jungen müssen sich gegebenenfalls einige Meter tief aus dem Nest auf den Boden stürzen. Dies meistern sie, ohne Schaden davonzutragen.","Tyrannosaurus Rex is more closely related to sparrows than to Stegosaurus.|Passerines (song birds) are the largest order of birds with over 6.500 species. That is 60% of all bird species|Most birds are unable to move their eyes, instead moving their whole head to get a good view of their surroundings.",-,-,-,-,-
Milvus migrans,Der schwedische Name „Brun Glada“ (Braunmilan) wird seinem dunkelbraunen Federkleid deutlich gerechter.,"Tyrannosaurus Rex is more closely related to sparrows than to Stegosaurus.|Passerines (song birds) are the largest order of birds with over 6.500 species. That is 60% of all bird species|Most birds are unable to move their eyes, instead moving their whole head to get a good view of their surroundings.",-,-,-,-,-
Milvus milvus,"Es gibt keine andere Vogelart, von der ein so großer Anteil des Weltbestandes in Deutschland brütet.","Tyrannosaurus Rex is more closely related to sparrows than to Stegosaurus.|Passerines (song birds) are the largest order of birds with over 6.500 species. That is 60% of all bird species|Most birds are unable to move their eyes, instead moving their whole head to get a good view of their surroundings.",-,-,-,-,-
Motacilla alba,"Tyrannosaurus Rex ist näher mit dem Spatz verwandt als mit dem Stegosaurus.|Passeriformes (Singvögel) bilden mit etwa 6.500 Arten die größte Ordnung innerhalb der Vögel. Sie machen damit etwa 60% aller Vogelarten aus. |Die Lunge eines Vogels nimmt viel mehr Platz in ihrem Körper ein als die eines Menschen. Zum Beispiel machen die Lungen eines Menschen ein Zwanzigstel ihres Körpers aus, während ein Vogel ein Fünftel beansprucht.","Tyrannosaurus Rex is more closely related to sparrows than to Stegosaurus.|Passerines (song birds) are the largest order of birds with over 6.500 species. That is 60% of all bird species|Most birds are unable to move their eyes, instead moving their whole head to get a good view of their surroundings.",-,-,-,-,-
Motacilla cinerea,"Das schnelle Wippen des Schwanzes ist wahrscheinlich als Signal zu deuten, weniger als Balancehilfe.","Tyrannosaurus Rex is more closely related to sparrows than to Stegosaurus.|Passerines (song birds) are the largest order of birds with over 6.500 species. That is 60% of all bird species|Most birds are unable to move their eyes, instead moving their whole head to get a good view of their surroundings.",-,-,-,-,-
Motacilla flava,"Ihren Namen verdankt sie der Eigenschaft, Weidetieren auf der Suche nach Nahrung zu folgen und von ihnen aufgescheuchte Insekten zu fressen.","Tyrannosaurus Rex is more closely related to sparrows than to Stegosaurus.|Passerines (song birds) are the largest order of birds with over 6.500 species. That is 60% of all bird species|Most birds are unable to move their eyes, instead moving their whole head to get a good view of their surroundings.",-,-,-,-,-
Muscicapa striata,"Neben Baumhöhlen, Astgabeln, Mauerlöchern oder Rankenpflanzen nistet er auch gerne mal in Schwalbennestern, hinter Fensterläden und in Blumenkästen.","Tyrannosaurus Rex is more closely related to sparrows than to Stegosaurus.|Passerines (song birds) are the largest order of birds with over 6.500 species. That is 60% of all bird species|Most birds are unable to move their eyes, instead moving their whole head to get a good view of their surroundings.",-,-,-,-,-
Netta rufina,Die Kolbenente legt einen außergewöhnlich hohen Teil ihrer Eier in fremde Nester. Diese werden dann von einem anderen Weibchen ausgebrütet.,"Tyrannosaurus Rex is more closely related to sparrows than to Stegosaurus.|Passerines (song birds) are the largest order of birds with over 6.500 species. That is 60% of all bird species|Most birds are unable to move their eyes, instead moving their whole head to get a good view of their surroundings.",-,-,-,-,-
Nucifraga caryocatactes,"Der Tannenhäher legt pro Jahr bis zu 6.000 Vorratsverstecke an, welche die Tiere von Spätsommer bis zum Sommer des Folgejahres ernähren können. Davon werden etwa 80% wiedergefunden; sogar unter einer Schneedecke. Eine unglaubliche Leistung.","Tyrannosaurus Rex is more closely related to sparrows than to Stegosaurus.|Passerines (song birds) are the largest order of birds with over 6.500 species. That is 60% of all bird species|Most birds are unable to move their eyes, instead moving their whole head to get a good view of their surroundings.",-,-,-,-,-
Numenius arquata,Sein langer nach unten gebogener Schnabel ist ein echter Hingucker.,"Tyrannosaurus Rex is more closely related to sparrows than to Stegosaurus.|Passerines (song birds) are the largest order of birds with over 6.500 species. That is 60% of all bird species|Most birds are unable to move their eyes, instead moving their whole head to get a good view of their surroundings.",-,-,-,-,-
Numenius phaeopus,Markant ist der kichernde Ruf des Regenbrachvogels.,"Tyrannosaurus Rex is more closely related to sparrows than to Stegosaurus.|Passerines (song birds) are the largest order of birds with over 6.500 species. That is 60% of all bird species|Most birds are unable to move their eyes, instead moving their whole head to get a good view of their surroundings.",-,-,-,-,-
Oenanthe oenanthe,Grönländische und kanadische Steinschmätzer legen jährlich auf ihrem Vogelzug 30.000 Kilometer zurück.,"Tyrannosaurus Rex is more closely related to sparrows than to Stegosaurus.|Passerines (song birds) are the largest order of birds with over 6.500 species. That is 60% of all bird species|Most birds are unable to move their eyes, instead moving their whole head to get a good view of their surroundings.",-,-,-,-,-
Oriolus oriolus,Nach seinem Pfeifen wurde der Vogel früher auch „Vogel Bülow“ genannt. Der französische Name des Pirols lautet „Loriot“.,"Tyrannosaurus Rex is more closely related to sparrows than to Stegosaurus.|Passerines (song birds) are the largest order of birds with over 6.500 species. That is 60% of all bird species|Most birds are unable to move their eyes, instead moving their whole head to get a good view of their surroundings.",-,-,-,-,-
Pandion haliaetus,Aus der Entfernung wirkt ein Fischadler manchmal wie eine riesige Großmöwe.,"Tyrannosaurus Rex is more closely related to sparrows than to Stegosaurus.|Passerines (song birds) are the largest order of birds with over 6.500 species. That is 60% of all bird species|Most birds are unable to move their eyes, instead moving their whole head to get a good view of their surroundings.",-,-,-,-,-
Parus major,"Meisen bauen ihr Nest zwar meist in Baumhöhlen, nicht selten nutzen sie aber auch Briefkästen.","Tits usually build their nests in tree hollows, but they also often use mailboxes.",-,-,-,-,"Синицы обычно строят свои гнезда в дуплах деревьев, но нередко они используют почтовые ящики."
Passer domesticus,"Im 19. Jahrhundert gab es eine Spatzensteuer von 20 Spatzenköpfen, da sie als Schmarotzer galten, die den Menschen die Samen auf den Feldern wegfressen.","Tyrannosaurus Rex is more closely related to sparrows than to Stegosaurus.|Passerines (song birds) are the largest order of birds with over 6.500 species. That is 60% of all bird species|Most birds are unable to move their eyes, instead moving their whole head to get a good view of their surroundings.",-,-,-,-,-
Passer montanus,Feldsperlinge sind sehr treue Gesellen und gehen eine lebenslange Partnerschaft ein. Im Winter kuscheln sie sich gerne mit anderen Feldsperlingen in einen Nistkasten.,"Tyrannosaurus Rex is more closely related to sparrows than to Stegosaurus.|Passerines (song birds) are the largest order of birds with over 6.500 species. That is 60% of all bird species|Most birds are unable to move their eyes, instead moving their whole head to get a good view of their surroundings.",-,-,-,-,-
Perdix perdix,Für ihre Größe können Rebhühner eine erstaunliche Zahl an Eiern legen – bis zu 20 Stück.,"Tyrannosaurus Rex is more closely related to sparrows than to Stegosaurus.|Passerines (song birds) are the largest order of birds with over 6.500 species. That is 60% of all bird species|Most birds are unable to move their eyes, instead moving their whole head to get a good view of their surroundings.",-,-,-,-,-
Periparus ater,"20- bis 56-mal fliegt die Tannenmeise stündlich mit Nahrung zu den Jungen, wenn sie größer sind.","Tyrannosaurus Rex is more closely related to sparrows than to Stegosaurus.|Passerines (song birds) are the largest order of birds with over 6.500 species. That is 60% of all bird species|Most birds are unable to move their eyes, instead moving their whole head to get a good view of their surroundings.",-,-,-,-,-
Pernis apivorus,"Seine vergleichsweise wenig stark gebogenen Krallen sind das perfekte Werkzeug, um nach Wespenlarven im Boden zu graben.","Tyrannosaurus Rex is more closely related to sparrows than to Stegosaurus.|Passerines (song birds) are the largest order of birds with over 6.500 species. That is 60% of all bird species|Most birds are unable to move their eyes, instead moving their whole head to get a good view of their surroundings.",-,-,-,-,-
Phalacrocorax carbo,"Damit er tief tauchen und Fische verfolgen kann, fettet er sein Gefieder nicht ein. Dass er es danach trocknen muss, unterscheidet ihn von anderen Wasservögeln.","Tyrannosaurus Rex is more closely related to sparrows than to Stegosaurus.|Passerines (song birds) are the largest order of birds with over 6.500 species. That is 60% of all bird species|Most birds are unable to move their eyes, instead moving their whole head to get a good view of their surroundings.",-,-,-,-,-
Phasianus colchicus,"Tyrannosaurus Rex ist näher mit dem Spatz verwandt als mit dem Stegosaurus.|Passeriformes (Singvögel) bilden mit etwa 6.500 Arten die größte Ordnung innerhalb der Vögel. Sie machen damit etwa 60% aller Vogelarten aus. |Die Lunge eines Vogels nimmt viel mehr Platz in ihrem Körper ein als die eines Menschen. Zum Beispiel machen die Lungen eines Menschen ein Zwanzigstel ihres Körpers aus, während ein Vogel ein Fünftel beansprucht.","Tyrannosaurus Rex is more closely related to sparrows than to Stegosaurus.|Passerines (song birds) are the largest order of birds with over 6.500 species. That is 60% of all bird species|Most birds are unable to move their eyes, instead moving their whole head to get a good view of their surroundings.",-,-,-,-,-
Phoenicurus ochruros,Mancherorts gilt der Hausrotschwanz als Glücksbringer.,"Tyrannosaurus Rex is more closely related to sparrows than to Stegosaurus.|Passerines (song birds) are the largest order of birds with over 6.500 species. That is 60% of all bird species|Most birds are unable to move their eyes, instead moving their whole head to get a good view of their surroundings.",-,-,-,-,-
Phoenicurus phoenicurus,"Tyrannosaurus Rex ist näher mit dem Spatz verwandt als mit dem Stegosaurus.|Passeriformes (Singvögel) bilden mit etwa 6.500 Arten die größte Ordnung innerhalb der Vögel. Sie machen damit etwa 60% aller Vogelarten aus. |Die Lunge eines Vogels nimmt viel mehr Platz in ihrem Körper ein als die eines Menschen. Zum Beispiel machen die Lungen eines Menschen ein Zwanzigstel ihres Körpers aus, während ein Vogel ein Fünftel beansprucht.","Tyrannosaurus Rex is more closely related to sparrows than to Stegosaurus.|Passerines (song birds) are the largest order of birds with over 6.500 species. That is 60% of all bird species|Most birds are unable to move their eyes, instead moving their whole head to get a good view of their surroundings.",-,-,-,-,-
Phylloscopus collybita,"Auch in anderen Sprachen singt der Zilpzalp seinen Namen. Im Englischen heißt er zum Beispiel „Chiffchaff“, in den Niederlanden „Tjiftjaf“.","Tyrannosaurus Rex is more closely related to sparrows than to Stegosaurus.|Passerines (song birds) are the largest order of birds with over 6.500 species. That is 60% of all bird species|Most birds are unable to move their eyes, instead moving their whole head to get a good view of their surroundings.",-,-,-,-,-
Phylloscopus sibilatrix,Einige Männchen sichern sich lieber ab und werben während der Brut des ersten Weibchens in einem zweiten Territorium um ein weiteres Weibchen.,"Tyrannosaurus Rex is more closely related to sparrows than to Stegosaurus.|Passerines (song birds) are the largest order of birds with over 6.500 species. That is 60% of all bird species|Most birds are unable to move their eyes, instead moving their whole head to get a good view of their surroundings.",-,-,-,-,-
Phylloscopus trochilus,Der Fitis mag es gerne schick. Er mausert als einzige europäische Vogelart sein Großgefieder gleich zwei Mal im Jahr.,"Tyrannosaurus Rex is more closely related to sparrows than to Stegosaurus.|Passerines (song birds) are the largest order of birds with over 6.500 species. That is 60% of all bird species|Most birds are unable to move their eyes, instead moving their whole head to get a good view of their surroundings.",-,-,-,-,-
Pica pica,"Zu den üblichen Balzritualen von Elstern zählen Gefiederkraulen, Schnäbeln und Balzfüttern. Die Paare bleiben oft lebenslang zusammen.","Tyrannosaurus Rex is more closely related to sparrows than to Stegosaurus.|Passerines (song birds) are the largest order of birds with over 6.500 species. That is 60% of all bird species|Most birds are unable to move their eyes, instead moving their whole head to get a good view of their surroundings.",-,-,-,-,-
Picus viridis,Bis zu zehn Zentimeter kann die lange Zunge des Grünspechtes aus seinem Schnabel hervorschnellen – perfekt für die Ameisenjagd!,"Tyrannosaurus Rex is more closely related to sparrows than to Stegosaurus.|Passerines (song birds) are the largest order of birds with over 6.500 species. That is 60% of all bird species|Most birds are unable to move their eyes, instead moving their whole head to get a good view of their surroundings.",-,-,-,-,-
Platalea leucorodia,"Der Löffler stockt seine Nester immer weiter auf, sodass eine Art Thron entsteht, der eine stattliche Höhe von 50 Zentimetern erreichen kann.","Tyrannosaurus Rex is more closely related to sparrows than to Stegosaurus.|Passerines (song birds) are the largest order of birds with over 6.500 species. That is 60% of all bird species|Most birds are unable to move their eyes, instead moving their whole head to get a good view of their surroundings.",-,-,-,-,-
Podiceps cristatus,Haubentaucher können bis zu 45 Sekunden unter Wasser bleiben.,"Tyrannosaurus Rex is more closely related to sparrows than to Stegosaurus.|Passerines (song birds) are the largest order of birds with over 6.500 species. That is 60% of all bird species|Most birds are unable to move their eyes, instead moving their whole head to get a good view of their surroundings.",-,-,-,-,-
Podiceps nigricollis,"Die Küken werden ganz schön verwöhnt. Obwohl sie bereits schwimmen können, werden sie auf dem Rücken der Eltern umhertransportiert und gefüttert.","Tyrannosaurus Rex is more closely related to sparrows than to Stegosaurus.|Passerines (song birds) are the largest order of birds with over 6.500 species. That is 60% of all bird species|Most birds are unable to move their eyes, instead moving their whole head to get a good view of their surroundings.",-,-,-,-,-
Poecile montanus,Die Weidenmeise wird auch „Mönchsmeise“ genannt.,"Tyrannosaurus Rex is more closely related to sparrows than to Stegosaurus.|Passerines (song birds) are the largest order of birds with over 6.500 species. That is 60% of all bird species|Most birds are unable to move their eyes, instead moving their whole head to get a good view of their surroundings.",-,-,-,-,-
Poecile palustris,Die Sumpfmeise wird auch „Nonnenmeise“ genannt.,"If marsh tits find a good supply start to hoard seeds, hiding them for a rainy day. Their hippocampus is large, bigger than a great tit's",-,-,-,-,-
Prunella modularis,"Treu sind Heckenbraunellen nicht gerade, deshalb können die Küken aus einem Nest auch von verschiedenen Männchen abstammen.","Tyrannosaurus Rex is more closely related to sparrows than to Stegosaurus.|Passerines (song birds) are the largest order of birds with over 6.500 species. That is 60% of all bird species|Most birds are unable to move their eyes, instead moving their whole head to get a good view of their surroundings.",-,-,-,-,-
Psittacula krameri,"Halsbandsittiche halten nicht viel vom Baden, viel lieber nehmen sie eine kleine Dusche im Regen oder zwischen nassen Blättern.","Tyrannosaurus Rex is more closely related to sparrows than to Stegosaurus.|Passerines (song birds) are the largest order of birds with over 6.500 species. That is 60% of all bird species|Most birds are unable to move their eyes, instead moving their whole head to get a good view of their surroundings.",-,-,-,-,-
Pyrrhocorax graculus,Ähnlich wie der berühmte Wetterfrosch können auch Alpendohlen das Wetter vorhersagen. Ihr Erscheinen in den Tälern im Winter gilt als Vorbote von frühen Schneefällen.,"Tyrannosaurus Rex is more closely related to sparrows than to Stegosaurus.|Passerines (song birds) are the largest order of birds with over 6.500 species. That is 60% of all bird species|Most birds are unable to move their eyes, instead moving their whole head to get a good view of their surroundings.",-,-,-,-,-
Pyrrhula pyrrhula,Der Name „Dompfaff“ spielt auf die roten Talare der Geistlichen in der Kirche an. Der kompakten Gestalt verdanken sie ihren englischen Namen „Bullfinch“.,"Tyrannosaurus Rex is more closely related to sparrows than to Stegosaurus.|Passerines (song birds) are the largest order of birds with over 6.500 species. That is 60% of all bird species|Most birds are unable to move their eyes, instead moving their whole head to get a good view of their surroundings.",-,-,-,-,-
Rallus aquaticus,"Tyrannosaurus Rex ist näher mit dem Spatz verwandt als mit dem Stegosaurus.|Passeriformes (Singvögel) bilden mit etwa 6.500 Arten die größte Ordnung innerhalb der Vögel. Sie machen damit etwa 60% aller Vogelarten aus. |Die Lunge eines Vogels nimmt viel mehr Platz in ihrem Körper ein als die eines Menschen. Zum Beispiel machen die Lungen eines Menschen ein Zwanzigstel ihres Körpers aus, während ein Vogel ein Fünftel beansprucht.","Tyrannosaurus Rex is more closely related to sparrows than to Stegosaurus.|Passerines (song birds) are the largest order of birds with over 6.500 species. That is 60% of all bird species|Most birds are unable to move their eyes, instead moving their whole head to get a good view of their surroundings.",-,-,-,-,-
Recurvirostra avosetta,Gerade die Küken picken mit ihren eher kurzen Schnäbeln auch nach Nahrung.,"Tyrannosaurus Rex is more closely related to sparrows than to Stegosaurus.|Passerines (song birds) are the largest order of birds with over 6.500 species. That is 60% of all bird species|Most birds are unable to move their eyes, instead moving their whole head to get a good view of their surroundings.",-,-,-,-,-
Regulus ignicapilla,Dank des markanten Kopfmusters hat das winzige Sommergoldhähnchen einen sehr grimmigen Gesichtsausdruck.,"Tyrannosaurus Rex is more closely related to sparrows than to Stegosaurus.|Passerines (song birds) are the largest order of birds with over 6.500 species. That is 60% of all bird species|Most birds are unable to move their eyes, instead moving their whole head to get a good view of their surroundings.",-,-,-,-,-
Regulus regulus,Die winzigen Weibchen können bis zu zwölf Eier legen. Das Gelege kann dann bis zu anderthalbmal so viel wiegen wie der Vogel.,"Tyrannosaurus Rex is more closely related to sparrows than to Stegosaurus.|Passerines (song birds) are the largest order of birds with over 6.500 species. That is 60% of all bird species|Most birds are unable to move their eyes, instead moving their whole head to get a good view of their surroundings.",-,-,-,-,-
Riparia riparia,Auf dem beschwerlichen Zug in die Wintergebiete übernachten die sonst in Röhren brütenden Vögel in Schilfbeständen.,"Tyrannosaurus Rex is more closely related to sparrows than to Stegosaurus.|Passerines (song birds) are the largest order of birds with over 6.500 species. That is 60% of all bird species|Most birds are unable to move their eyes, instead moving their whole head to get a good view of their surroundings.",-,-,-,-,-
Saxicola rubetra,"Bei Überflug eines Greifvogels nimmt das Braunkehlchen eine „Pfahlstellung“ ein und versucht so, sich unsichtbar zu machen.","Tyrannosaurus Rex is more closely related to sparrows than to Stegosaurus.|Passerines (song birds) are the largest order of birds with over 6.500 species. That is 60% of all bird species|Most birds are unable to move their eyes, instead moving their whole head to get a good view of their surroundings.",-,-,-,-,-
Saxicola rubicola,Der wissenschaftlich Name „rubicola“ bedeutet „Brombeerstrauch-Bewohner“. Einzelne Sträucher auf einer sonst offenen Fläche fliegt das Schwarzkehlchen gerne an.,"Tyrannosaurus Rex is more closely related to sparrows than to Stegosaurus.|Passerines (song birds) are the largest order of birds with over 6.500 species. That is 60% of all bird species|Most birds are unable to move their eyes, instead moving their whole head to get a good view of their surroundings.",-,-,-,-,-
Serinus serinus,"Der Girlitz singt seinen eigenen Namen – gut zu merken, oder? Ansonsten hilft auch der Vergleich mit einer quietschenden Fahrradkette.","Tyrannosaurus Rex is more closely related to sparrows than to Stegosaurus.|Passerines (song birds) are the largest order of birds with over 6.500 species. That is 60% of all bird species|Most birds are unable to move their eyes, instead moving their whole head to get a good view of their surroundings.",-,-,-,-,-
Sitta europaea,"Ein „Kleiber“ ist im Mittelhochdeutschen ein Handwerker, der eine Lehmwand baut – so wie der Vogel die Eingänge der Nisthöhlen mit Lehm verkleidetet.","Tyrannosaurus Rex is more closely related to sparrows than to Stegosaurus.|Passerines (song birds) are the largest order of birds with over 6.500 species. That is 60% of all bird species|Most birds are unable to move their eyes, instead moving their whole head to get a good view of their surroundings.",-,-,-,-,-
Somateria mollissima,"Frisst die Eiderente Muscheln, werden diese im Ganzen verschluckt und im Muskelmagen mithilfe kleiner Steinchen zerkleinert.","Tyrannosaurus Rex is more closely related to sparrows than to Stegosaurus.|Passerines (song birds) are the largest order of birds with over 6.500 species. That is 60% of all bird species|Most birds are unable to move their eyes, instead moving their whole head to get a good view of their surroundings.",-,-,-,-,-
Spatula clypeata,Löffelenten brüten auch in wiedervernässten Hochmooren nach dem Torfabbau.,"Tyrannosaurus Rex is more closely related to sparrows than to Stegosaurus.|Passerines (song birds) are the largest order of birds with over 6.500 species. That is 60% of all bird species|Most birds are unable to move their eyes, instead moving their whole head to get a good view of their surroundings.",-,-,-,-,-
Spatula querquedula,Knäkenten fliegen von unseren Entenarten am weitesten. Sie werden als Überwinterungsgast sogar in Australien nachgewiesen.,"Tyrannosaurus Rex is more closely related to sparrows than to Stegosaurus.|Passerines (song birds) are the largest order of birds with over 6.500 species. That is 60% of all bird species|Most birds are unable to move their eyes, instead moving their whole head to get a good view of their surroundings.",-,-,-,-,-
Spinus spinus,"Tyrannosaurus Rex ist näher mit dem Spatz verwandt als mit dem Stegosaurus.|Passeriformes (Singvögel) bilden mit etwa 6.500 Arten die größte Ordnung innerhalb der Vögel. Sie machen damit etwa 60% aller Vogelarten aus. |Die Lunge eines Vogels nimmt viel mehr Platz in ihrem Körper ein als die eines Menschen. Zum Beispiel machen die Lungen eines Menschen ein Zwanzigstel ihres Körpers aus, während ein Vogel ein Fünftel beansprucht.","Tyrannosaurus Rex is more closely related to sparrows than to Stegosaurus.|Passerines (song birds) are the largest order of birds with over 6.500 species. That is 60% of all bird species|Most birds are unable to move their eyes, instead moving their whole head to get a good view of their surroundings.",-,-,-,-,-
Sterna hirundo,Die Bezeichnung haben sie wohl wegen des gegabelten Schwanzes und des eleganten Flugstils. Sie sind aber mit den Möwen verwandt.,"Tyrannosaurus Rex is more closely related to sparrows than to Stegosaurus.|Passerines (song birds) are the largest order of birds with over 6.500 species. That is 60% of all bird species|Most birds are unable to move their eyes, instead moving their whole head to get a good view of their surroundings.",-,-,-,-,-
Streptopelia decaocto,Sie sind sehr frühreif. Die erste Brut kann mitunter drei bis vier Monate nach dem Schlüpfen begonnen werden.,"Tyrannosaurus Rex is more closely related to sparrows than to Stegosaurus.|Passerines (song birds) are the largest order of birds with over 6.500 species. That is 60% of all bird species|Most birds are unable to move their eyes, instead moving their whole head to get a good view of their surroundings.",-,-,-,-,-
Strix aluco,Sein Gesang wird regelmäßig in Filmen und Serien bei Einbruch der Nacht eingespielt und ist somit sehr bekannt.,"Tyrannosaurus Rex is more closely related to sparrows than to Stegosaurus.|Passerines (song birds) are the largest order of birds with over 6.500 species. That is 60% of all bird species|Most birds are unable to move their eyes, instead moving their whole head to get a good view of their surroundings.",-,-,-,-,-
Sturnus vulgaris,"Der Star baut andere Tierlaute in seinen Gesang ein. Kenner*innen können heraushören, welche Arten in seinem Umfeld leben.","Tyrannosaurus Rex is more closely related to sparrows than to Stegosaurus.|Passerines (song birds) are the largest order of birds with over 6.500 species. That is 60% of all bird species|Most birds are unable to move their eyes, instead moving their whole head to get a good view of their surroundings.",-,-,-,-,-
Sylvia atricapilla,"Mönchsgrasmücken passen sich flexibel an mildere Winter an: In den 80er Jahren entdeckten sie England als Überwinterungsgebiet, das auch heute noch genutzt wird.","Tyrannosaurus Rex is more closely related to sparrows than to Stegosaurus.|Passerines (song birds) are the largest order of birds with over 6.500 species. That is 60% of all bird species|Most birds are unable to move their eyes, instead moving their whole head to get a good view of their surroundings.",-,-,-,-,-
Sylvia borin,"Der Name stammt wahrscheinlich von „gra“ für „grau“ und „smücke“ für „Ducker“, was die Vögel recht gut charakterisiert.","Tyrannosaurus Rex is more closely related to sparrows than to Stegosaurus.|Passerines (song birds) are the largest order of birds with over 6.500 species. That is 60% of all bird species|Most birds are unable to move their eyes, instead moving their whole head to get a good view of their surroundings.",-,-,-,-,-
Tachybaptus ruficollis,"Bei Gefahr entscheidet er sich immer für den Rückzug. Er taucht einfach ab und warnt seine Artgenossen, indem er mit den Hinterfüßen Wasser aufspritzt.","Tyrannosaurus Rex is more closely related to sparrows than to Stegosaurus.|Passerines (song birds) are the largest order of birds with over 6.500 species. That is 60% of all bird species|Most birds are unable to move their eyes, instead moving their whole head to get a good view of their surroundings.",-,-,-,-,-
Tadorna ferruginea,"Als Höhlenbrüter brüten sie vor allem in Baum-, Fels- oder Erdhöhlen. Ab und zu nisten die Tiere aber auch in verlassenen Greifvogelnestern.","Tyrannosaurus Rex is more closely related to sparrows than to Stegosaurus.|Passerines (song birds) are the largest order of birds with over 6.500 species. That is 60% of all bird species|Most birds are unable to move their eyes, instead moving their whole head to get a good view of their surroundings.",-,-,-,-,-
Tadorna tadorna,In einem Brandgans-Kindergarten können sich bis zu 100 Küken tummeln.,"Tyrannosaurus Rex is more closely related to sparrows than to Stegosaurus.|Passerines (song birds) are the largest order of birds with over 6.500 species. That is 60% of all bird species|Most birds are unable to move their eyes, instead moving their whole head to get a good view of their surroundings.",-,-,-,-,-
Tringa glareola,Er zählt zu den am regelmäßigsten und häufigsten durchziehenden Arten im Binnenland.,"Tyrannosaurus Rex is more closely related to sparrows than to Stegosaurus.|Passerines (song birds) are the largest order of birds with over 6.500 species. That is 60% of all bird species|Most birds are unable to move their eyes, instead moving their whole head to get a good view of their surroundings.",-,-,-,-,-
Tringa nebularia,Auch sein englischer Name „Common Greenshank“ leitet sich von seinen grünen Beinen ab.,"Tyrannosaurus Rex is more closely related to sparrows than to Stegosaurus.|Passerines (song birds) are the largest order of birds with over 6.500 species. That is 60% of all bird species|Most birds are unable to move their eyes, instead moving their whole head to get a good view of their surroundings.",-,-,-,-,-
Tringa ochropus,"Tyrannosaurus Rex ist näher mit dem Spatz verwandt als mit dem Stegosaurus.|Passeriformes (Singvögel) bilden mit etwa 6.500 Arten die größte Ordnung innerhalb der Vögel. Sie machen damit etwa 60% aller Vogelarten aus. |Die Lunge eines Vogels nimmt viel mehr Platz in ihrem Körper ein als die eines Menschen. Zum Beispiel machen die Lungen eines Menschen ein Zwanzigstel ihres Körpers aus, während ein Vogel ein Fünftel beansprucht.","Tyrannosaurus Rex is more closely related to sparrows than to Stegosaurus.|Passerines (song birds) are the largest order of birds with over 6.500 species. That is 60% of all bird species|Most birds are unable to move their eyes, instead moving their whole head to get a good view of their surroundings.",-,-,-,-,-
Tringa totanus,"Rotschenkel gehören zu den Watvögeln, die auch Limikolen genannt werden. Unter Vogelkundlern sind sie sehr beliebt und werden häufig liebevoll mit „Limis“ abgekürzt.","Tyrannosaurus Rex is more closely related to sparrows than to Stegosaurus.|Passerines (song birds) are the largest order of birds with over 6.500 species. That is 60% of all bird species|Most birds are unable to move their eyes, instead moving their whole head to get a good view of their surroundings.",-,-,-,-,-
Troglodytes troglodytes,Der Zaunkönig hat im Verhältnis zu seiner Körpergröße die lauteste Stimme. Er kommt auf bis zu 90 Dezibel und ist damit fast 500 Meter weit zu hören.,"Tyrannosaurus Rex is more closely related to sparrows than to Stegosaurus.|Passerines (song birds) are the largest order of birds with over 6.500 species. That is 60% of all bird species|Most birds are unable to move their eyes, instead moving their whole head to get a good view of their surroundings.",-,-,-,-,-
Turdus iliacus,Auf dem Weg ins Winter- oder Brutquartier fliegen Rotdrosseln oft in großen Trupps. Ihre Silhouette erinnert dabei ein wenig an die von Staren.,"Tyrannosaurus Rex is more closely related to sparrows than to Stegosaurus.|Passerines (song birds) are the largest order of birds with over 6.500 species. That is 60% of all bird species|Most birds are unable to move their eyes, instead moving their whole head to get a good view of their surroundings.",-,-,-,-,-
Turdus merula,Amseln können während des Schlafs eine Gehirnhälfte aktiv halten.|Amseln fangen schon 45 Minuten vor Sonnenaufgang an zu singen. In Städten können sie aufgrund von Lichtverschmutzung allerdings auch nachts singen.|Die Amsel war bis noch vor 150 Jahren ein scheuer Waldbewohner.|Stadtamseln starten ihre Brut früher als Waldamseln.,"During their sleep, blackbirds are capable of maintaining one hemisphere of their brain awake.|Blackbirds start singing 45 minutes before sunrise. In cities, however, they can also sing at night due to light pollution.|150 years ago blackbirds were still shy forest dwellers.|City blackbirds start their breeding earlier than forest blackbirds.",-,-,-,-,"Во время сна чёрные дрозды способны поддерживать в бодрствующем состоянии одно полушарие своего мозга.|Черные дрозды начинают петь за 45 минут до восхода солнца. Однако в городах они также могут петь ночью из-за светового загрязнения.|Ещё 150 лет назад чёрный дрозд был застенчивым лесным обитателем.|Городские дрозды начинают размножаться раньше, чем лесные дрозды."
Turdus philomelos,"Singdrosseln fressen gerne Schnecken, deren Häuser sie auf einem Stein aufknacken. Solche Plätze mit zerschlagenen Schneckenhäusern werden „Drosselschmiede“ genannt.","Tyrannosaurus Rex is more closely related to sparrows than to Stegosaurus.|Passerines (song birds) are the largest order of birds with over 6.500 species. That is 60% of all bird species|Most birds are unable to move their eyes, instead moving their whole head to get a good view of their surroundings.",-,-,-,-,-
Turdus pilaris,"Kommt ein Greifvogel der brütenden Kolonie zu nah, attackieren die Drosseln den Feind und bespritzen ihn mit Kot, sodass er sogar kurzzeitig nicht mehr fliegen kann.","Tyrannosaurus Rex is more closely related to sparrows than to Stegosaurus.|Passerines (song birds) are the largest order of birds with over 6.500 species. That is 60% of all bird species|Most birds are unable to move their eyes, instead moving their whole head to get a good view of their surroundings.",-,-,-,-,-
Turdus viscivorus,Durch das Auskoten der Beeren trägt die Misteldrossel stark zur Verbreitung der Pflanze bei und verteidigt „ihre Mistelbäume“ aggressiv gegenüber Nahrungskonkurrenten.,"Tyrannosaurus Rex is more closely related to sparrows than to Stegosaurus.|Passerines (song birds) are the largest order of birds with over 6.500 species. That is 60% of all bird species|Most birds are unable to move their eyes, instead moving their whole head to get a good view of their surroundings.",-,-,-,-,-
Tyto alba,"Es gibt zwei Farbvarianten der Schleiereule, die scheinbar zufällig in der Population verteilt sind und deren Funktion der Wissenschaft Rätsel aufgibt.","Tyrannosaurus Rex is more closely related to sparrows than to Stegosaurus.|Passerines (song birds) are the largest order of birds with over 6.500 species. That is 60% of all bird species|Most birds are unable to move their eyes, instead moving their whole head to get a good view of their surroundings.",-,-,-,-,-
Vanellus vanellus,"Männchen scharren kleine Mulden in den Boden und rupfen Gräser, um die Weibchen mit diesem sogenannten „Scheinnisten“ von ihren Nestbau-Qualitäten zu überzeugen.","Tyrannosaurus Rex is more closely related to sparrows than to Stegosaurus.|Passerines (song birds) are the largest order of birds with over 6.500 species. That is 60% of all bird species|Most birds are unable to move their eyes, instead moving their whole head to get a good view of their surroundings.",-,-,-,-,-
