name,size,weight,wspan,food:en,habitat:en,taxonomy,food:de,food:eo,food:es,food:fr,food:nl,food:ru,habitat:de,habitat:eo,habitat:es,habitat:fr,habitat:nl,habitat:ru
Turdus merula,23-29,80-100,34-38.5,"earthworms, insects, beetles, fruits","forests, parks, gardens",Kingdom Animalia<div>Phylum Chordata</div><div>Class Aves</div><div>Order Passeriformes</div><div>Family Turdidae</div><div>Genus&nbsp;<i>Turdus</i></div>,"Regenwürmer, Insekten, Käfer, Früchte",,,,,"черви, насекомые , жуки, фрукты","Wälder, Parks, Gärten",,,,,"леса, парки, сады"
Parus major,13-15,18,24,"insects, caterpillars, berries, seeds","woodland, forests, gardens",Kingdom Animalia<div>Phylum Chordata</div><div>Class Aves</div><div>Order Passeriformes</div><div>Family Paridae</div><div>Genus&nbsp;<i>Parus</i></div>,"Insekten, Raupen, Beeren, Samen",,,,,"насекомые , гусеницы, ягоды, семена","lichte Wälder, Wälder, Gärten",,,,,"редколесье, леса, сады"
Corvus corone,45-49,370-650,93-104,"insects, earthworms, grain, fruits, seeds, amphibians","cities, woodland, cliffs, farmland, heathland",Kingdom Animalia<div>Phylum Chordata</div><div>Class Aves</div><div>Order Passeriformes</div><div>Family Corvidae</div><div>Genus&nbsp;<i>Corvus</i></div>,"Insekten, Regenwürmer, Körner, Früchte, Samen, Amphibien",,,,,"насекомые , черви, зерно, фрукты, семена, земноводные","Städte, lichte Wälder, Klippen, Äcker, Heide",,,,,"города, редколесье, скалы, сельскохозяиственные угодья, пустоши"
Columba palumbus,38-43,480-550,75-80,"buds, leaves, berries, fruits, grain","cities, parks, gardens",Kingdom Animalia<div>Phylum Chordata</div><div>Class Aves</div><div>Order Columbiformes</div><div>Family Columbidae</div><div>Genus&nbsp;<i>Columba</i></div>,"Knospen, Blätter, Beeren, Früchte, Körner",,,,,"бутоны, листья, ягоды, фрукты, зерно","Städte, Parks, Gärten",,,,,"города, парки, сады"
Cyanistes caeruleus,12-12,11-11,18,"seeds, insects","woodland, parks, gardens, cities",Kingdom Animalia<div>Phylum Chordata</div><div>Class Aves</div><div>Order Passeriformes</div><div>Family Paridae</div><div>Genus&nbsp;<i>Cyanistes</i></div>,"Samen, Insekten",,,,,"семена, насекомые ","lichte Wälder, Parks, Gärten, Städte",,,,,"редколесье, парки, сады, города"
Fringilla coelebs,14.5,18-29,24.5-28.5,"insects, seeds","woodland, farmland, grassland, heathland, urban, suburban",Kingdom Animalia<div>Phylum Chordata</div><div>Class Aves</div><div>Order Passeriformes</div><div>Family Fringillidae</div><div>Genus&nbsp;<i>Fringilla</i></div>,"Insekten, Samen",,,,,"насекомые , семена","lichte Wälder, Äcker, Grasland, Heide, Stadtgebiet, suburbane Gebiete",,,,,"редколесье, сельскохозяиственные угодья, травянистые сообщества, пустоши, городская среда, пригород"
Anas platyrhynchos,51- 62,750-1500,81-98,"seeds, acorns, berries, plants, insects, shellfish","farmland, grassland, marine, intertidal, urban, suburban",Kingdom Animalia<div>Phylum Chordata</div><div>Class Aves</div><div>Order Anseriformes</div><div>Family Anatidae</div><div>Genus&nbsp;<i>Anas</i></div>,"Samen, Eicheln, Beeren, Pflanzen, Insekten, Schalentiere",,,,,"семена, жёлуди, ягоды, растения, насекомые , моллюски","Äcker, Grasland, Meer, Watt, Stadtgebiet, suburbane Gebiete",,,,,"сельскохозяиственные угодья, травянистые сообщества, море, приливно-отливная зона, городская среда, пригород"
Erithacus rubecula,14,14-21,20-22,"worms, seeds, fruits, insects","woodland, farmland, urban, suburban",Kingdom Animalia<div>Phylum Chordata</div><div>Class Aves</div><div>Order Passeriformes</div><div>Family Muscicapidae</div><div>Genus&nbsp;<i>Erithacus</i></div>,"Würmer, Samen, Früchte, Insekten",,,,,"черви, семена, фрукты, насекомые ","lichte Wälder, Äcker, Stadtgebiet, suburbane Gebiete",,,,,"редколесье, сельскохозяиственные угодья, городская среда, пригород"
Pica pica,44-46,200-250,52-60,"omnivore, scavenger","woodland, farmland, grassland, heathland, upland, urban, suburban",Kingdom Animalia<div>Phylum Chordata</div><div>Class Aves</div><div>Order Passeriformes</div><div>Family Corvidae</div><div>Genus&nbsp;<i>Pica</i></div>,"Allesfresser, Aasresser",,,,,"всеядные, падальщики","lichte Wälder, Äcker, Grasland, Heide, Hochland, Stadtgebiet, suburbane Gebiete",,,,,"редколесье, сельскохозяиственные угодья, травянистые сообщества, пустоши, возвышенности, городская среда, пригород"
Sturnus vulgaris,21,75-90,37-42,fruits,"woodland, farmland, grassland, marine, intertidal, upland, urban, suburban",Kingdom Animalia<div>Phylum Chordata</div><div>Class Aves</div><div>Order Passeriformes</div><div>Family Sturnidae</div><div>Genus&nbsp;<i>Sturnus</i></div>,Früchte,,,,,фрукты,"lichte Wälder, Äcker, Grasland, Meer, Watt, Hochland, Stadtgebiet, suburbane Gebiete",,,,,"редколесье, сельскохозяиственные угодья, травянистые сообщества, море, приливно-отливная зона, возвышенности, городская среда, пригород"
Dendrocopos major,22-23,85,34-39,"insects, seeds","woodland, urban, suburban",Kingdom Animalia<div>Phylum Chordata</div><div>Class Aves</div><div>Order Piciformes</div><div>Family Picidae</div><div>Genus&nbsp;<i>Dendrocopos</i></div>,"Insekten, Samen",,,,,"насекомые , семена","lichte Wälder, Stadtgebiet, suburbane Gebiete",,,,,"редколесье, городская среда, пригород"
Passer domesticus,14-15,24-38,21-25.5,seeds,"farmland, urban, suburban",Kingdom Animalia<div>Phylum Chordata</div><div>Class Aves</div><div>Order Passeriformes</div><div>Family Passeridae</div><div>Genus&nbsp;<i>Passer</i></div>,Samen,,,,,семена,"Äcker, Stadtgebiet, suburbane Gebiete",,,,,"сельскохозяиственные угодья, городская среда, пригород"
Buteo buteo,51-57,"550-1,000 (male); 700-1,300 (female)",113-128,"birds, carrion, earthworms, insects","woodland, farmland, grassland, heathland, upland",Kingdom Animalia<div>Phylum Chordata</div><div>Class Aves</div><div>Order Accipitriformes</div><div>Family Accipitridae</div><div>Genus&nbsp;<i>Buteo</i></div>,"Vögel, Aas, Regenwürmer, Insekten",,,,,"птицы, падаль, черви, насекомые ","lichte Wälder, Äcker, Grasland, Heide, Hochland",,,,,"редколесье, сельскохозяиственные угодья, травянистые сообщества, пустоши, возвышенности"
Ardea cinerea,90-98,1.5-2k,175-195,"fish, ducklings, voles, amphibians, rodents","woodland, farmland, grassland, marine, intertidal, urban, suburban",Kingdom Animalia<div>Phylum Chordata</div><div>Class Aves</div><div>Order Pelecaniformes</div><div>Family Ardeidae</div><div>Genus&nbsp;<i>Ardea</i></div>,"Fische, Entenküken, Wühlmäuse, Amphibien, Nagetiere",,,,,"рыба, утята, полёвки, земноводные, грызуны","lichte Wälder, Äcker, Grasland, Meer, Watt, Stadtgebiet, suburbane Gebiete",,,,,"редколесье, сельскохозяиственные угодья, травянистые сообщества, море, приливно-отливная зона, городская среда, пригород"
Phylloscopus collybita,10-11,6-10,15-21,insects,"woodland, farmland, heathland, urban, suburban",Kingdom Animalia<div>Phylum Chordata</div><div>Class Aves</div><div>Order Passeriformes</div><div>Family Phylloscopidae</div><div>Genus <i>Phylloscopus</i></div>,Insekten,,,,,насекомые ,"lichte Wälder, Äcker, Heide, Stadtgebiet, suburbane Gebiete",,,,,"редколесье, сельскохозяиственные угодья, пустоши, городская среда, пригород"
Troglodytes troglodytes,9-10,7-12,13-17,insects,"woodland, farmland, heathland, urban, suburban",Kingdom Animalia<div>Phylum Chordata</div><div>Class Aves</div><div>Order Passeriformes</div><div>Family Troglodytidae</div><div>Genus<i>&nbsp;Troglodytes</i></div>,Insekten,,,,,насекомые ,"lichte Wälder, Äcker, Heide, Stadtgebiet, suburbane Gebiete",,,,,"редколесье, сельскохозяиственные угодья, пустоши, городская среда, пригород"
Garrulus glandarius,34-35,140-190,52-58,"acorns, seeds, insects","woodland, farmland, urban, suburban",Kingdom Animalia<div>Phylum Chordata</div><div>Class Aves</div><div>Order Passeriformes</div><div>Family Corvidae</div><div>Genus&nbsp;<i>Garrulus</i></div>,"Eicheln, Samen, Insekten",,,,,"жёлуди, семена, насекомые ","lichte Wälder, Äcker, Stadtgebiet, suburbane Gebiete",,,,,"редколесье, сельскохозяиственные угодья, городская среда, пригород"
Phalacrocorax carbo,80-100,2.1-2.5k,130-160,fish,"marine, intertidal, urban, suburban",Kingdom Animalia<div>Phylum Chordata</div><div>Class Aves</div><div>Order Suliformes</div><div>Family Phalacrocoracidae</div><div>Genus&nbsp;<i>Phalacrocorax</i></div>,Fische,,,,,рыба,"Meer, Watt, Stadtgebiet, suburbane Gebiete",,,,,"море, приливно-отливная зона, городская среда, пригород"
Sitta europaea,14,20-25,22.5-27,"insects, acorns, beechmast, seeds","woodland, urban, suburban",Kingdom Animalia<div>Phylum Chordata</div><div>Class Aves</div><div>Order Passeriformes</div><div>Family Sittidae</div><div>Genus&nbsp;<i>Sitta</i></div>,"Insekten, Eicheln, Bucheckern, Samen",,,,,"насекомые , жёлуди, буковый орех, семена","lichte Wälder, Stadtgebiet, suburbane Gebiete",,,,,"редколесье, городская среда, пригород"
Fulica atra,36-38,600-900,70-80,"seeds, snails","grassland, marine, intertidal, urban, suburban",Kingdom Animalia<div>Phylum Chordata</div><div>Class Aves</div><div>Order Gruiformes</div><div>Family Rallidae</div><div>Genus&nbsp;<i>Fulica</i></div>,"Samen, Schnecken",,,,,"семена, улитки","Grasland, Meer, Watt, Stadtgebiet, suburbane Gebiete",,,,,"травянистые сообщества, море, приливно-отливная зона, городская среда, пригород"
Chloris chloris,15,28,26,"seeds, insects","woodland, farmland, urban, suburban",Kingdom Animalia<div>Phylum Chordata</div><div>Class Aves</div><div>Order Passeriformes</div><div>Family Fringillidae</div><div>Genus <i>Chloris</i></div>,"Samen, Insekten",,,,,"семена, насекомые ","lichte Wälder, Äcker, Stadtgebiet, suburbane Gebiete",,,,,"редколесье, сельскохозяиственные угодья, городская среда, пригород"
Motacilla alba,18,17-25,25-30,"insects, seeds","farmland, grassland, marine, intertidal, urban, suburban",Kingdom Animalia<div>Phylum Chordata</div><div>Class Aves</div><div>Order Passeriformes</div><div>Family Motacillidae</div><div>Genus <i>Motacilla</i></div>,"Insekten, Samen",,,,,"насекомые , семена","Äcker, Grasland, Meer, Watt, Stadtgebiet, suburbane Gebiete",,,,,"сельскохозяиственные угодья, травянистые сообщества, море, приливно-отливная зона, городская среда, пригород"
Sylvia atricapilla,13,21,20-23,"insects, berries","woodland, farmland, urban, suburban",Kingdom Animalia<div>Phylum Chordata</div><div>Class Aves</div><div>Order Passeriformes</div><div>Family Sylviidae</div><div>Genus&nbsp;<i>Sylvia</i></div>,"Insekten, Beeren",,,,,"насекомые , ягоды","lichte Wälder, Äcker, Stadtgebiet, suburbane Gebiete",,,,,"редколесье, сельскохозяиственные угодья, городская среда, пригород"
Cygnus olor,140-160,10-12 k,208-238,"insects, snails","farmland, grassland, marine, intertidal, urban, suburban",Kingdom Animalia<div>Phylum Chordata</div><div>Class Aves</div><div>Order Anseriformes</div><div>Family Anatidae</div><div>Genus&nbsp;<i>Cygnus</i></div>,"Insekten, Schnecken",,,,,"насекомые , улитки","Äcker, Grasland, Meer, Watt, Stadtgebiet, suburbane Gebiete",,,,,"сельскохозяиственные угодья, травянистые сообщества, море, приливно-отливная зона, городская среда, пригород"
Anser anser,76-89,2.9-3.7k,147-180,grass,"farmland, grassland, marine, intertidal, urban, suburban",Kingdom Animalia<div>Phylum Chordata</div><div>Class Aves</div><div>Order Anseriformes</div><div>Family Anatidae</div><div>Genus&nbsp;<i>Anser</i></div>,Gras,,,,,трава,"Äcker, Grasland, Meer, Watt, Stadtgebiet, suburbane Gebiete",,,,,"сельскохозяиственные угодья, травянистые сообщества, море, приливно-отливная зона, городская среда, пригород"
Carduelis carduelis,12,14-19,21-25.5,seeds,"farmland, urban, suburban",Kingdom Animalia<div>Phylum Chordata</div><div>Class Aves</div><div>Order Passeriformes</div><div>Family Fringillidae</div><div>Genus&nbsp;<i>Carduelis</i></div>,Samen,,,,,семена,"Äcker, Stadtgebiet, suburbane Gebiete",,,,,"сельскохозяиственные угодья, городская среда, пригород"
Falco tinnunculus,32-35,156-252,71-80,"birds, insects","farmland, grassland, heathland, urban, suburban",Kingdom Animalia<div>Phylum Chordata</div><div>Class Aves</div><div>Order Falconiformes</div><div>Family Falconidae</div><div>Genus&nbsp;<i>Falco</i></div>,"Vögel, Insekten",,,,,"птицы, насекомые ","Äcker, Grasland, Heide, Stadtgebiet, suburbane Gebiete",,,,,"сельскохозяиственные угодья, травянистые сообщества, пустоши, городская среда, пригород"
Chroicocephalus ridibundus,34-37,200-400,100-110,"worms, insects, fish, carrion","farmland, grassland, marine, intertidal, urban, suburban",Kingdom Animalia<div>Phylum Chordata</div><div>Class Aves</div><div>Order Charadriiformes</div><div>Family Laridae</div><div>Genus&nbsp;<i>Chroicocephalus</i></div>,"Würmer, Insekten, Fische, Aas",,,,,"черви, насекомые , рыба, падаль","Äcker, Grasland, Meer, Watt, Stadtgebiet, suburbane Gebiete",,,,,"сельскохозяиственные угодья, травянистые сообщества, море, приливно-отливная зона, городская среда, пригород"
Hirundo rustica,17-19,16-25,32-35,,"farmland, grassland, upland, urban, suburban",Kingdom Animalia<div>Phylum Chordata</div><div>Class Aves</div><div>Order Passeriformes</div><div>Family Hirundinidae</div><div>Genus&nbsp;<i>Hirundo</i></div>,,,,,,,"Äcker, Grasland, Hochland, Stadtgebiet, suburbane Gebiete",,,,,"сельскохозяиственные угодья, травянистые сообщества, возвышенности, городская среда, пригород"
Aythya fuligula,40-47,"450-1,000",67-73,"molluscs, insects, plants","marine, intertidal, urban, suburban",Kingdom Animalia<div>Phylum Chordata</div><div>Class Aves</div><div>Order Anseriformes</div><div>Family Anatidae</div><div>Genus&nbsp;<i>Aythya</i></div>,"Weichtiere, Insekten, Pflanzen",,,,,"моллюски, насекомые , растения","Meer, Watt, Stadtgebiet, suburbane Gebiete",,,,,"море, приливно-отливная зона, городская среда, пригород"
Emberiza citrinella,16-16.5,25-36,23-29.5,"seeds, insects","farmland, grassland, heathland, urban, suburban",Kingdom Animalia<div>Phylum Chordata</div><div>Class Aves</div><div>Order Passeriformes</div><div>Family Emberizidae</div><div>Genus <i>Emberiza</i></div>,"Samen, Insekten",,,,,"семена, насекомые ","Äcker, Grasland, Heide, Stadtgebiet, suburbane Gebiete",,,,,"сельскохозяиственные угодья, травянистые сообщества, пустоши, городская среда, пригород"
Columba livia domestica,31-34,230-370,63-70,"seeds, cereals","farmland, marine, intertidal, urban, suburban",Kingdom Animalia<div>Phylum Chordata</div><div>Class Aves</div><div>Order Columbiformes</div><div>Family Columbidae</div><div>Genus&nbsp;<i>Columba</i></div>,"Samen, Getreide",,,,,"семена, злаки","Äcker, Meer, Watt, Stadtgebiet, suburbane Gebiete",,,,,"сельскохозяиственные угодья, море, приливно-отливная зона, городская среда, пригород"
Turdus philomelos,23,65-100,33-36,"worms, snails, fruits","woodland, farmland, grassland, urban, suburban",Kingdom Animalia<div>Phylum Chordata</div><div>Class Aves</div><div>Order Passeriformes</div><div>Family Turdidae</div><div>Genus&nbsp;<i>Turdus</i></div>,"Würmer, Schnecken, Früchte",,,,,"черви, улитки, фрукты","lichte Wälder, Äcker, Grasland, Stadtgebiet, suburbane Gebiete",,,,,"редколесье, сельскохозяиственные угодья, травянистые сообщества, городская среда, пригород"
Alopochen aegyptiaca,63-73,1.5 to 2.25 k,1.1-1.3 m,"seeds, grass","farmland, grassland",Kingdom Animalia<div>Phylum Chordata</div><div>Class Aves</div><div>Order Anseriformes</div><div>Family Anatidae</div><div>Genus&nbsp;<i>Alopochen</i></div>,"Samen, Gras",,,,,"семена, трава","Äcker, Grasland",,,,,"сельскохозяиственные угодья, травянистые сообщества"
Podiceps cristatus,46-51,"590-1,500",85-90,fish,"marine, intertidal, urban, suburban",Kingdom Animalia<div>Phylum Chordata</div><div>Class Aves</div><div>Order Podicipediformes</div><div>Family Podicipedidae</div><div>Genus&nbsp;<i>Podiceps</i></div>,Fische,,,,,рыба,"Meer, Watt, Stadtgebiet, suburbane Gebiete",,,,,"море, приливно-отливная зона, городская среда, пригород"
Turdus pilaris,25,80-130,39-42,"insects, worms, berries","woodland, farmland, grassland, urban, suburban",,"Insekten, Würmer, Beeren",,,,,"насекомые , черви, ягоды","lichte Wälder, Äcker, Grasland, Stadtgebiet, suburbane Gebiete",,,,,"редколесье, сельскохозяиственные угодья, травянистые сообщества, городская среда, пригород"
Passer montanus,14,19-25,20-22,"seeds, insects","woodland, farmland, urban, suburban",Kingdom Animalia<div>Phylum Chordata</div><div>Class Aves</div><div>Order Passeriformes</div><div>Family Passeridae</div><div>Genus&nbsp;<i>Passer</i></div>,"Samen, Insekten",,,,,"семена, насекомые ","lichte Wälder, Äcker, Stadtgebiet, suburbane Gebiete",,,,,"редколесье, сельскохозяиственные угодья, городская среда, пригород"
Corvus monedula,34,220,70,"insects, eggs, fruits, seeds","woodland, farmland, grassland, upland, urban, suburban",Kingdom Animalia<div>Phylum Chordata</div><div>Class Aves</div><div>Order Passeriformes</div><div>Family Corvidae</div><div>Genus&nbsp;<i>Corvus</i>&nbsp;or&nbsp;<i>Coloeus</i></div>,"Insekten, Eier, Früchte, Samen",,,,,"насекомые , яйца, фрукты, семена","lichte Wälder, Äcker, Grasland, Hochland, Stadtgebiet, suburbane Gebiete",,,,,"редколесье, сельскохозяиственные угодья, травянистые сообщества, возвышенности, городская среда, пригород"
Phoenicurus ochruros,14.5,14-20,23-26,"insects, worms, berries, seeds","farmland, marine, intertidal, urban, suburban",,"Insekten, Würmer, Beeren, Samen",,,,,"насекомые , черви, ягоды, семена","Äcker, Meer, Watt, Stadtgebiet, suburbane Gebiete",,,,,"сельскохозяиственные угодья, море, приливно-отливная зона, городская среда, пригород"
Apus apus,16-17,36-50,42-48,,"farmland, grassland, urban, suburban",Kingdom Animalia<div>Phylum Chordata</div><div>Class Aves</div><div>Order Apodiformes</div><div>Family Apodidae</div><div>Genus&nbsp;<i>Apus</i></div>,,,,,,,"Äcker, Grasland, Stadtgebiet, suburbane Gebiete",,,,,"сельскохозяиственные угодья, травянистые сообщества, городская среда, пригород"
Certhia brachydactyla,,,,,,Kingdom Animalia<div>Phylum Chordata</div><div>Class Aves</div><div>Order Passeriformes</div><div>Family Certhiidae</div><div>Genus&nbsp;<i>Certhia</i></div>,,,,,,,,,,,,
Gallinula chloropus,32-35,250-400,50-55,"seeds, fruits, insects, snails, worms","farmland, urban, suburban",Kingdom Animalia<div>Phylum Chordata</div><div>Class Aves</div><div>Order Gruiformes</div><div>Family Rallidae</div><div>Genus&nbsp;<i>Gallinula</i></div>,"Samen, Früchte, Insekten, Schnecken, Würmer",,,,,"семена, фрукты, насекомые , улитки, черви","Äcker, Stadtgebiet, suburbane Gebiete",,,,,"сельскохозяиственные угодья, городская среда, пригород"
Ardea alba,,,,,,Kingdom Animalia<div>Phylum Chordata</div><div>Class Aves</div><div>Order Pelecaniformes</div><div>Family Ardeidae</div><div>Genus&nbsp;<i>Ardea</i></div>,,,,,,,,,,,,
Delichon urbicum,12,15-23,26-29,insects,"farmland, urban, suburban",Kingdom Animalia<div>Phylum Chordata</div><div>Class Aves</div><div>Order Passeriformes</div><div>Family Hirundinidae</div><div>Genus&nbsp;<i>Delichon</i></div>,Insekten,,,,,насекомые ,"Äcker, Stadtgebiet, suburbane Gebiete",,,,,"сельскохозяиственные угодья, городская среда, пригород"
Mareca strepera,46-56,650-900,84-95,"stems, leaves, seeds","grassland, marine, intertidal",Kingdom Animalia<div>Phylum Chordata</div><div>Class Aves</div><div>Order Anseriformes</div><div>Family Anatidae</div><div>Genus&nbsp;<i>Anas</i></div>,"Stängel, Blätter, Samen",,,,,"стебли, листья, семена","Grasland, Meer, Watt",,,,,"травянистые сообщества, море, приливно-отливная зона"
Prunella modularis,14,19-24,19-21,"insects, worms, seeds","woodland, farmland, grassland, urban, suburban",Kingdom Animalia<div>Phylum Chordata</div><div>Class Aves</div><div>Order Passeriformes</div><div>Family Prunellidae</div><div>Genus&nbsp;<i>Prunella</i></div>,"Insekten, Würmer, Samen",,,,,"насекомые , черви, семена","lichte Wälder, Äcker, Grasland, Stadtgebiet, suburbane Gebiete",,,,,"редколесье, сельскохозяиственные угодья, травянистые сообщества, городская среда, пригород"
Aegithalos caudatus,14,7-10,16-19,"insects, seeds","woodland, farmland, heathland, urban, suburban",Kingdom Animalia<div>Phylum Chordata</div><div>Class Aves</div><div>Order Passeriformes</div><div>Family Aegithalidae</div><div>Genus&nbsp;<i>Aegithalos</i></div>,"Insekten, Samen",,,,,"насекомые , семена","lichte Wälder, Äcker, Heide, Stadtgebiet, suburbane Gebiete",,,,,"редколесье, сельскохозяиственные угодья, пустоши, городская среда, пригород"
Alauda arvensis,18-19,33-45,30-36,"seeds, insects","farmland, grassland, heathland, marine, intertidal, upland",Kingdom Animalia<div>Phylum Chordata</div><div>Class Aves</div><div>Order Passeriformes</div><div>Family Alaudidae</div><div>Genus&nbsp;<i>Alauda</i></div>,"Samen, Insekten",,,,,"семена, насекомые ","Äcker, Grasland, Heide, Meer, Watt, Hochland",,,,,"сельскохозяиственные угодья, травянистые сообщества, пустоши, море, приливно-отливная зона, возвышенности"
Branta canadensis,90-110,4.3-5k,1.5-1.8m,"grass, leaves, seeds","farmland, grassland, marine, intertidal, urban, suburban",Kingdom Animalia<div>Phylum Chordata</div><div>Class Aves</div><div>Order Anseriformes</div><div>Family Anatidae</div><div>Genus&nbsp;<i>Branta</i></div>,"Gras, Blätter, Samen",,,,,"трава, листья, семена","Äcker, Grasland, Meer, Watt, Stadtgebiet, suburbane Gebiete",,,,,"сельскохозяиственные угодья, травянистые сообщества, море, приливно-отливная зона, городская среда, пригород"
Streptopelia decaocto,32,200,51,"seeds, grain, buds","farmland, urban, suburban",Kingdom Animalia<div>Phylum Chordata</div><div>Class Aves</div><div>Order Columbiformes</div><div>Family Columbidae</div><div>Genus&nbsp;<i>Streptopelia</i></div>,"Samen, Körner, Knospen",,,,,"семена, зерно, бутоны","Äcker, Stadtgebiet, suburbane Gebiete",,,,,"сельскохозяиственные угодья, городская среда, пригород"
Poecile palustris,11.5,10-13,18-19.5,"insects, seeds","woodland, urban, suburban",Kingdom Animalia<div>Phylum Chordata</div><div>Class Aves</div><div>Order Passeriformes</div><div>Family Paridae</div><div>Genus&nbsp;<i>Poecile</i></div>,"Insekten, Samen",,,,,"насекомые , семена","lichte Wälder, Stadtgebiet, suburbane Gebiete",,,,,"редколесье, городская среда, пригород"
Tachybaptus ruficollis,25-29,100-140,40-45,insects,"marine, intertidal, urban, suburban",Kingdom Animalia<div>Phylum Chordata</div><div>Class Aves</div><div>Order Podicipediformes</div><div>Family Podicipedidae</div><div>Genus&nbsp;<i>Tachybaptus</i></div>,Insekten,,,,,насекомые ,"Meer, Watt, Stadtgebiet, suburbane Gebiete",,,,,"море, приливно-отливная зона, городская среда, пригород"
Pyrrhula pyrrhula,14.5-16.5,21-27,22-26,"seeds, buds, insects","woodland, farmland, urban, suburban",Kingdom Animalia<div>Phylum Chordata</div><div>Class Aves</div><div>Order Passeriformes</div><div>Family Fringillidae</div><div>Genus&nbsp;<i>Pyrrhula</i></div>,"Samen, Knospen, Insekten",,,,,"семена, бутоны, насекомые ","lichte Wälder, Äcker, Stadtgebiet, suburbane Gebiete",,,,,"редколесье, сельскохозяиственные угодья, городская среда, пригород"
Vanellus vanellus,28-31,140-320,82-87,"worms, insects","farmland, grassland, marine, intertidal, upland",Kingdom Animalia<div>Phylum Chordata</div><div>Class Aves</div><div>Order Charadriiformes</div><div>Family Charadriidae</div><div>Genus&nbsp;<i>Vanellus</i></div>,"Würmer, Insekten",,,,,"черви, насекомые ","Äcker, Grasland, Meer, Watt, Hochland",,,,,"сельскохозяиственные угодья, травянистые сообщества, море, приливно-отливная зона, возвышенности"
Anas crecca,34-38,240-360,58-64,seeds,"grassland, marine, intertidal",Kingdom Animalia<div>Phylum Chordata</div><div>Class Aves</div><div>Order Anseriformes</div><div>Family Anatidae</div><div>Genus&nbsp;<i>Anas</i></div>,Samen,,,,,семена,"Grasland, Meer, Watt",,,,,"травянистые сообщества, море, приливно-отливная зона"
Milvus milvus,60-66,"800-1,300",175-195,"carrion, worms","woodland, farmland, upland, urban, suburban",,"Aas, Würmer",,,,,"падаль, черви","lichte Wälder, Äcker, Hochland, Stadtgebiet, suburbane Gebiete",,,,,"редколесье, сельскохозяиственные угодья, возвышенности, городская среда, пригород"
Emberiza schoeniclus,15-16.5,16-25,21-28,"seeds, insects","farmland, grassland, urban, suburban",Kingdom Animalia<div>Phylum Chordata</div><div>Class Aves</div><div>Order Passeriformes</div><div>Family Emberizidae</div><div>Genus&nbsp;<i>Emberiza</i></div>,"Samen, Insekten",,,,,"семена, насекомые ","Äcker, Grasland, Stadtgebiet, suburbane Gebiete",,,,,"сельскохозяиственные угодья, травянистые сообщества, городская среда, пригород"
Aythya ferina,46,930,77,"plants, seeds, snails, insects","marine, intertidal, urban, suburban",Kingdom Animalia<div>Phylum Chordata</div><div>Class Aves</div><div>Order Anseriformes</div><div>Family Anatidae</div><div>Genus <i>Aythya</i></div>,"Pflanzen, Samen, Schnecken, Insekten",,,,,"растения, семена, улитки, насекомые ","Meer, Watt, Stadtgebiet, suburbane Gebiete",,,,,"море, приливно-отливная зона, городская среда, пригород"
Corvus cornix,45-47,370-650,93-104,"carrion, grain, eggs","woodland, farmland, grassland, marine, intertidal, upland, urban, suburban",Kingdom Animalia<div>Phylum Chordata</div><div>Class Aves</div><div>Order Passeriformes</div><div>Family Corvidae</div><div>Genus&nbsp;<i>Corvus</i></div>,"Aas, Körner, Eier",,,,,"падаль, зерно, яйца","lichte Wälder, Äcker, Grasland, Meer, Watt, Hochland, Stadtgebiet, suburbane Gebiete",,,,,"редколесье, сельскохозяиственные угодья, травянистые сообщества, море, приливно-отливная зона, возвышенности, городская среда, пригород"
Corvus corax,60-68,"800-1,500",120-150,"carrion, birds, eggs, insects","woodland, farmland, marine, intertidal, upland, urban, suburban",Kingdom Animalia<div>Phylum Chordata</div><div>Class Aves</div><div>Order Passeriformes</div><div>Family Corvidae</div><div>Genus&nbsp;<i>Corvus</i></div>,"Aas, Vögel, Eier, Insekten",,,,,"падаль, птицы, яйца, насекомые ","lichte Wälder, Äcker, Meer, Watt, Hochland, Stadtgebiet, suburbane Gebiete",,,,,"редколесье, сельскохозяиственные угодья, море, приливно-отливная зона, возвышенности, городская среда, пригород"
Regulus regulus,9,6,14,insects,"woodland, urban, suburban",Kingdom Animalia<div>Phylum Chordata</div><div>Class Aves</div><div>Order Passeriformes</div><div>Family Regulidae</div><div>Genus&nbsp;<i>Regulus</i></div>,Insekten,,,,,насекомые ,"lichte Wälder, Stadtgebiet, suburbane Gebiete",,,,,"редколесье, городская среда, пригород"
Spinus spinus,12,12-18,20-23,"seeds, insects","woodland, urban, suburban",Kingdom Animalia<div>Phylum Chordata</div><div>Class Aves</div><div>Order Passeriformes</div><div>Family Fringillidae</div><div>Genus <i>Spinus</i>&nbsp;/ <i>Carduelis</i></div>,"Samen, Insekten",,,,,"семена, насекомые ","lichte Wälder, Stadtgebiet, suburbane Gebiete",,,,,"редколесье, городская среда, пригород"
Phylloscopus trochilus,10.5-11.5,7-12,16-22,"insects, fruits, berries","woodland, grassland, heathland, urban, suburban",Kingdom Animalia<div>Phylum Chordata</div><div>Class Aves</div><div>Order Passeriformes</div><div>Family Phylloscopidae</div><div>Genus&nbsp;<i>Phylloscopus</i></div>,"Insekten, Früchte, Beeren",,,,,"насекомые , фрукты, ягоды","lichte Wälder, Grasland, Heide, Stadtgebiet, suburbane Gebiete",,,,,"редколесье, травянистые сообщества, пустоши, городская среда, пригород"
Alcedo atthis,16-17,34-46,24-26,fish,"farmland, marine, intertidal, urban, suburban",Kingdom Animalia<div>Phylum Chordata</div><div>Class Aves</div><div>Order Coraciiformes</div><div>Family Alcedinidae</div><div>Genus&nbsp;<i>Alcedo</i></div>,Fische,,,,,рыба,"Äcker, Meer, Watt, Stadtgebiet, suburbane Gebiete",,,,,"сельскохозяиственные угодья, море, приливно-отливная зона, городская среда, пригород"
Larus argentatus,54-60,690-1440,130-150,"carrion, offal, seeds, fruits, eggs, insects, fish","farmland, grassland, marine, intertidal, urban, suburban",Kingdom Animalia<div>Phylum Chordata</div><div>Class Aves</div><div>Order Charadriiformes</div><div>Family Laridae</div><div>Genus&nbsp;<i>Larus</i></div>,"Aas, Fleischabfälle, Samen, Früchte, Eier, Insekten, Fische",,,,,"падаль, потроха, семена, фрукты, яйца, насекомые , рыба","Äcker, Grasland, Meer, Watt, Stadtgebiet, suburbane Gebiete",,,,,"сельскохозяиственные угодья, травянистые сообщества, море, приливно-отливная зона, городская среда, пригород"
Coccothraustes coccothraustes,18,48-62,29-33,"seeds, buds","woodland, urban, suburban",Kingdom Animalia<div>Phylum Chordata</div><div>Class Aves</div><div>Order Passeriformes</div><div>Family Fringillidae</div><div>Genus <i>Coccothraustes</i></div>,"Samen, Knospen",,,,,"семена, бутоны","lichte Wälder, Stadtgebiet, suburbane Gebiete",,,,,"редколесье, городская среда, пригород"
Linaria cannabina,13.5,15-22,21-25.5,"seeds, insects","farmland, grassland, heathland, urban, suburban",Kingdom Animalia<div>Phylum Chordata</div><div>Class Aves</div><div>Order Passeriformes</div><div>Family Fringillidae</div><div>Genus&nbsp;<i>Linaria</i>&nbsp;or <i>Carduelis</i></div>,"Samen, Insekten",,,,,"семена, насекомые ","Äcker, Grasland, Heide, Stadtgebiet, suburbane Gebiete",,,,,"сельскохозяиственные угодья, травянистые сообщества, пустоши, городская среда, пригород"
Cuculus canorus,32-34,105-130,55-65,insects,"woodland, farmland, heathland, upland, urban, suburban",Kingdom Animalia<div>Phylum Chordata</div><div>Class Aves</div><div>Order Cuculiformes</div><div>Family Cuculidae</div><div>Genus <i>Cuculus</i></div>,Insekten,,,,,насекомые ,"lichte Wälder, Äcker, Heide, Hochland, Stadtgebiet, suburbane Gebiete",,,,,"редколесье, сельскохозяиственные угодья, пустоши, возвышенности, городская среда, пригород"
Phasianus colchicus,53-89,"1,000-1,700 (male); 750-1,200 (female)",70-90,"seeds, grain, insects","woodland, farmland, grassland, urban, suburban",Kingdom Animalia<div>Phylum Chordata</div><div>Class Aves</div><div>Order Galliformes</div><div>Family Phasianidae</div><div>Genus&nbsp;<i>Phasianus</i></div>,"Samen, Körner, Insekten",,,,,"семена, зерно, насекомые ","lichte Wälder, Äcker, Grasland, Stadtgebiet, suburbane Gebiete",,,,,"редколесье, сельскохозяиственные угодья, травянистые сообщества, городская среда, пригород"
Ciconia ciconia,,,,,,,,,,,,,,,,,,
Corvus frugilegus,44-46,280-340,81-99,"worms, grain, insects, birds, eggs, carrion","woodland, farmland, grassland, urban, suburban",Kingdom Animalia<div>Phylum Chordata</div><div>Class Aves</div><div>Order Passeriformes</div><div>Family Corvidae</div><div>Genus&nbsp;<i>Corvus</i></div>,"Würmer, Körner, Insekten, Vögel, Eier, Aas",,,,,"черви, зерно, насекомые , птицы, яйца, падаль","lichte Wälder, Äcker, Grasland, Stadtgebiet, suburbane Gebiete",,,,,"редколесье, сельскохозяиственные угодья, травянистые сообщества, городская среда, пригород"
Accipiter nisus,28-38,110-196 (male); 185-342 (female),55-70,"birds, bats","woodland, farmland, grassland, heathland, urban, suburban",Kingdom Animalia<div>Phylum Chordata</div><div>Class Aves</div><div>Order Accipitriformes</div><div>Family Accipitridae</div><div>Genus&nbsp;<i>Accipiter</i></div>,"Vögel, Fledermäuse",,,,,"птицы, летучие мыши","lichte Wälder, Äcker, Grasland, Heide, Stadtgebiet, suburbane Gebiete",,,,,"редколесье, сельскохозяиственные угодья, травянистые сообщества, пустоши, городская среда, пригород"
Spatula clypeata,44-52,400-1000,70-84,plants,"grassland, marine, intertidal",Kingdom Animalia<div>Phylum Chordata</div><div>Class Aves</div><div>Order Anseriformes</div><div>Family Anatidae</div><div>Genus&nbsp;<i>Anas</i></div>,Pflanzen,,,,,растения,"Grasland, Meer, Watt",,,,,"травянистые сообщества, море, приливно-отливная зона"
Mergus merganser,,,,,,,,,,,,,,,,,,
Curruca communis,14,12-18,18.5-23,"insects, berries, fruits","woodland, farmland, grassland, heathland, urban, suburban",Kingdom Animalia<div>Phylum Chordata</div><div>Class Aves</div><div>Order Passeriformes</div><div>Family Sylviidae</div><div>Genus&nbsp;<i>Sylvia</i> or <i>Curruca</i></div>,"Insekten, Beeren, Früchte",,,,,"насекомые , ягоды, фрукты","lichte Wälder, Äcker, Grasland, Heide, Stadtgebiet, suburbane Gebiete",,,,,"редколесье, сельскохозяиственные угодья, травянистые сообщества, пустоши, городская среда, пригород"
Turdus viscivorus,27,100-150,42-48,"worms, slugs, insects, berries","woodland, farmland, grassland, heathland, urban, suburban",Kingdom Animalia<div>Phylum Chordata</div><div>Class Aves</div><div>Order Passeriformes</div><div>Family Turdidae</div><div>Genus&nbsp;<i>Turdus</i></div>,"Würmer, Nacktschnecken, Insekten, Beeren",,,,,"черви, слизни, насекомые , ягоды","lichte Wälder, Äcker, Grasland, Heide, Stadtgebiet, suburbane Gebiete",,,,,"редколесье, сельскохозяиственные угодья, травянистые сообщества, пустоши, городская среда, пригород"
Mareca penelope,45-51,500-900,75-86,grass,"grassland, marine, intertidal",Kingdom Animalia<div>Phylum Chordata</div><div>Class Aves</div><div>Order Anseriformes</div><div>Family Anatidae</div><div>Genus&nbsp;<i>Anas</i></div>,Gras,,,,,трава,"Grasland, Meer, Watt",,,,,"травянистые сообщества, море, приливно-отливная зона"
Periparus ater,11.5,8-10,17-21,"insects, seeds","woodland, heathland, urban, suburban",,"Insekten, Samen",,,,,"насекомые , семена","lichte Wälder, Heide, Stadtgebiet, suburbane Gebiete",,,,,"редколесье, пустоши, городская среда, пригород"
Motacilla flava,17,16-22,23-27,"insects, flies, beetles","farmland, grassland",Kingdom Animalia<div>Phylum Chordata</div><div>Class Aves</div><div>Order Passeriformes</div><div>Family Motacillidae</div><div>Genus&nbsp;<i>Motacilla</i></div>,"Insekten, Fliegen, Käfer",,,,,"насекомые , мухи, жуки","Äcker, Grasland",,,,,"сельскохозяиственные угодья, травянистые сообщества"
Anthus pratensis,14.5,15-22,22-25,"insects, flies, beetles","farmland, grassland, heathland, marine, intertidal, upland",Kingdom Animalia<div>Phylum Chordata</div><div>Class Aves</div><div>Order Passeriformes</div><div>Family Motacillidae</div><div>Genus&nbsp;<i>Anthus</i></div>,"Insekten, Fliegen, Käfer",,,,,"насекомые , мухи, жуки","Äcker, Grasland, Heide, Meer, Watt, Hochland",,,,,"сельскохозяиственные угодья, травянистые сообщества, пустоши, море, приливно-отливная зона, возвышенности"
Larus canus,40-42,300-480,110-130,"worms, insects, fish, carrion, rubbish","farmland, grassland, marine, intertidal, upland",Kingdom Animalia<div>Phylum Chordata</div><div>Class Aves</div><div>Order Charadriiformes</div><div>Family Laridae</div><div>Genus&nbsp;<i>Larus</i></div>,"Würmer, Insekten, Fische, Aas, Abfall",,,,,"черви, насекомые , рыба, падаль, отбросы","Äcker, Grasland, Meer, Watt, Hochland",,,,,"сельскохозяиственные угодья, травянистые сообщества, море, приливно-отливная зона, возвышенности"
Acrocephalus scirpaceus,13,10-15,17-21,"insects, berries","farmland, urban, suburban",Kingdom Animalia<div>Phylum Chordata</div><div>Class Aves</div><div>Order Passeriformes</div><div>Family Acrocephalidae</div><div>Genus&nbsp;<i>Acrocephalus</i></div>,"Insekten, Beeren",,,,,"насекомые , ягоды","Äcker, Stadtgebiet, suburbane Gebiete",,,,,"сельскохозяиственные угодья, городская среда, пригород"
Circus aeruginosus,48-56,400-660 (male); 540-800 (female),115-130,,"farmland, marine, intertidal",Kingdom Animalia<div>Phylum Chordata</div><div>Class Aves</div><div>Order Accipitriformes</div><div>Family Accipitridae</div><div>Genus&nbsp;<i>Circus</i></div>,,,,,,,"Äcker, Meer, Watt",,,,,"сельскохозяиственные угодья, море, приливно-отливная зона"
Motacilla cinerea,18-19,14-22,25-27,insects,"marine, intertidal, upland, urban, suburban",,Insekten,,,,,насекомые ,"Meer, Watt, Hochland, Stadtgebiet, suburbane Gebiete",,,,,"море, приливно-отливная зона, возвышенности, городская среда, пригород"
Bucephala clangula,42-50,650-1200,65-80,plants,"marine, intertidal",,Pflanzen,,,,,растения,"Meer, Watt",,,,,"море, приливно-отливная зона"
Larus michahellis,55-67,"1,100 birds",1-4 pairs,scavenger,"farmland, marine, intertidal, urban, suburban",,Aasresser,,,,,падальщики,"Äcker, Meer, Watt, Stadtgebiet, suburbane Gebiete",,,,,"сельскохозяиственные угодья, море, приливно-отливная зона, городская среда, пригород"
Sylvia borin,14,16-22,20-24.5,"insects, berries","woodland, farmland, urban, suburban",Kingdom Animalia<div>Phylum Chordata</div><div>Class Aves</div><div>Order Passeriformes</div><div>Family Sylviidae</div><div>Genus&nbsp;<i>Sylvia</i></div>,"Insekten, Beeren",,,,,"насекомые , ягоды","lichte Wälder, Äcker, Stadtgebiet, suburbane Gebiete",,,,,"редколесье, сельскохозяиственные угодья, городская среда, пригород"
Grus grus,110-120,4-7k,220-245,"seeds, insects, snails, worms","farmland, grassland",,"Samen, Insekten, Schnecken, Würmer",,,,,"семена, насекомые , улитки, черви","Äcker, Grasland",,,,,"сельскохозяиственные угодья, травянистые сообщества"
Milvus migrans,,,,,,,,,,,,,,,,,,
Columba oenas,30-33,290-330,60-66,seeds,"woodland, farmland, urban, suburban",Kingdom Animalia<div>Phylum Chordata</div><div>Class Aves</div><div>Order Columbiformes</div><div>Family Columbidae</div><div>Genus&nbsp;<i>Columba</i></div>,Samen,,,,,семена,"lichte Wälder, Äcker, Stadtgebiet, suburbane Gebiete",,,,,"редколесье, сельскохозяиственные угодья, городская среда, пригород"
Tadorna tadorna,58-65,0.85-1.4 k,1.1-1.33 m,shellfish,"farmland, grassland, marine, intertidal",,Schalentiere,,,,,моллюски,"Äcker, Grasland, Meer, Watt",,,,,"сельскохозяиственные угодья, травянистые сообщества, море, приливно-отливная зона"
Serinus serinus,,,,,,,,,,,,,,,,,,
Regulus ignicapilla,9,5-7,13-16,insects,"woodland, urban, suburban",,Insekten,,,,,насекомые ,"lichte Wälder, Stadtgebiet, suburbane Gebiete",,,,,"редколесье, городская среда, пригород"
Lanius collurio,17,25-35,24-27,insects,"woodland, farmland, grassland, heathland, marine, intertidal",,Insekten,,,,,насекомые ,"lichte Wälder, Äcker, Grasland, Heide, Meer, Watt",,,,,"редколесье, сельскохозяиственные угодья, травянистые сообщества, пустоши, море, приливно-отливная зона"
Gallinago gallinago,23-28,80-120,39-45,worms,"farmland, grassland, marine, intertidal, upland",,Würmer,,,,,черви,"Äcker, Grasland, Meer, Watt, Hochland",,,,,"сельскохозяиственные угодья, травянистые сообщества, море, приливно-отливная зона, возвышенности"
Lophophanes cristatus,11.5,10-13,17-20,"insects, seeds",woodland,,"Insekten, Samen",,,,,"насекомые , семена",lichte Wälder,,,,,редколесье
Dryocopus martius,,,,,,Kingdom Animalia<div>Phylum Chordata</div><div>Class Aves</div><div>Order Piciformes</div><div>Family Picidae</div><div>Genus&nbsp;<i>Dryocopus</i></div>,,,,,,,,,,,,
Turdus iliacus,21,50-75,33-35,"berries, worms","woodland, farmland, grassland, urban, suburban",,"Beeren, Würmer",,,,,"ягоды, черви","lichte Wälder, Äcker, Grasland, Stadtgebiet, suburbane Gebiete",,,,,"редколесье, сельскохозяиственные угодья, травянистые сообщества, городская среда, пригород"
Saxicola rubicola,12.5,13-17,18-21,"seeds, fruits, blackberries","farmland, grassland, heathland, marine, intertidal",,"Samen, Früchte, Blaubeeren",,,,,"семена, фрукты, ежевика","Äcker, Grasland, Heide, Meer, Watt",,,,,"сельскохозяиственные угодья, травянистые сообщества, пустоши, море, приливно-отливная зона"
Luscinia megarhynchos,15-17,17-24,23-26,insects,"woodland, grassland",,Insekten,,,,,насекомые ,"lichte Wälder, Grasland",,,,,"редколесье, травянистые сообщества"
Picus viridis,30-34,180-220,40-42,ants,"woodland, farmland, grassland, urban, suburban",Kingdom Animalia<div>Phylum Chordata</div><div>Class Aves</div><div>Order Piciformes</div><div>Family Picidae</div><div>Genus&nbsp;<i>Picus</i></div>,Ameisen,,,,,муравьи,"lichte Wälder, Äcker, Grasland, Stadtgebiet, suburbane Gebiete",,,,,"редколесье, сельскохозяиственные угодья, травянистые сообщества, городская среда, пригород"
Anser albifrons,65-78,1.9-2.5k,130-165,"grass, clover, grain, wheat, potatoes","farmland, grassland, marine, intertidal",Kingdom Animalia<div>Phylum Chordata</div><div>Class Aves</div><div>Order Anseriformes</div><div>Family Anatidae</div><div>Genus&nbsp;<i>Anser</i></div>,"Gras, Klee, Körner, Weizen, Kartoffeln",,,,,"трава, клевер, зерно, пшеница, картофель","Äcker, Grasland, Meer, Watt",,,,,"сельскохозяиственные угодья, травянистые сообщества, море, приливно-отливная зона"
Netta rufina,53-57,"900-1,400",85-90,stems,,,Stängel,,,,,стебли,,,,,,
Numenius arquata,50-60,"575-1,000 (Females averain 1,000 and males averain 770)",80-100,"worms, shellfish, shrimps","farmland, grassland, marine, intertidal, upland",Kingdom Animalia<div>Phylum Chordata</div><div>Class Aves</div><div>Order Charadriiformes</div><div>Family Scolopacidae</div><div>Genus&nbsp;<i>Numenius</i></div>,"Würmer, Schalentiere, Garnelen",,,,,"черви, моллюски, креветки","Äcker, Grasland, Meer, Watt, Hochland",,,,,"сельскохозяиственные угодья, травянистые сообщества, море, приливно-отливная зона, возвышенности"
Certhia familiaris,12.5,8-12,18-21,"insects, seeds","woodland, farmland, urban, suburban",,"Insekten, Samen",,,,,"насекомые , семена","lichte Wälder, Äcker, Stadtgebiet, suburbane Gebiete",,,,,"редколесье, сельскохозяиственные угодья, городская среда, пригород"
Phoenicurus phoenicurus,14,11-19,20-24,"insects, worms, berries","woodland, upland, urban, suburban",,"Insekten, Würmer, Beeren",,,,,"насекомые , черви, ягоды","lichte Wälder, Hochland, Stadtgebiet, suburbane Gebiete",,,,,"редколесье, возвышенности, городская среда, пригород"
Curruca curruca,13,12  - the same as 12 paperclips or two oldcrests,18,"insects, berries","woodland, farmland, grassland, urban, suburban",,"Insekten, Beeren",,,,,"насекомые , ягоды","lichte Wälder, Äcker, Grasland, Stadtgebiet, suburbane Gebiete",,,,,"редколесье, сельскохозяиственные угодья, травянистые сообщества, городская среда, пригород"
Haematopus ostralegus,40-45,430-650,80-86,worms,"farmland, grassland, marine, intertidal, upland",Kingdom Animalia<div>Phylum Chordata</div><div>Class Aves</div><div>Order Charadriiformes</div><div>Family Haematopodidae</div><div>Genus&nbsp;<i>Haematopus</i></div>,Würmer,,,,,черви,"Äcker, Grasland, Meer, Watt, Hochland",,,,,"сельскохозяиственные угодья, травянистые сообщества, море, приливно-отливная зона, возвышенности"
Muscicapa striata,14,14-19,23-25,"butterflies, damselflies, insects","woodland, farmland, urban, suburban",,"Schmetterlinge, kleine Libellen, Insekten",,,,,"бабочки, стрекозы, насекомые ","lichte Wälder, Äcker, Stadtgebiet, suburbane Gebiete",,,,,"редколесье, сельскохозяиственные угодья, городская среда, пригород"
Poecile montanus,11.5,8-14,17-19,"insects, seeds, berries","woodland, urban, suburban",Kingdom Animalia<div>Phylum Chordata</div><div>Class Aves</div><div>Order Passeriformes</div><div>Family Paridae</div><div>Genus&nbsp;<i>Poecile</i></div>,"Insekten, Samen, Beeren",,,,,"насекомые , семена, ягоды","lichte Wälder, Stadtgebiet, suburbane Gebiete",,,,,"редколесье, городская среда, пригород"
Branta leucopsis,58-70,1.3 to 2.2 k,132-145,"stems, seeds","farmland, grassland, marine, intertidal",Kingdom Animalia<div>Phylum Chordata</div><div>Class Aves</div><div>Order Anseriformes</div><div>Family Anatidae</div><div>Genus&nbsp;<i>Branta</i></div>,"Stängel, Samen",,,,,"стебли, семена","Äcker, Grasland, Meer, Watt",,,,,"сельскохозяиственные угодья, травянистые сообщества, море, приливно-отливная зона"
Fringilla montifringilla,14,24,25-26,"seeds, insects","woodland, farmland, urban, suburban",,"Samen, Insekten",,,,,"семена, насекомые ","lichte Wälder, Äcker, Stadtgebiet, suburbane Gebiete",,,,,"редколесье, сельскохозяиственные угодья, городская среда, пригород"
Dendrocoptes medius,,,,,,Kingdom Animalia<div>Phylum Chordata</div><div>Class Aves</div><div>Order Piciformes</div><div>Family Picidae</div><div>Genus&nbsp;<i>Dendrocopos</i></div>,,,,,,,,,,,,
Accipiter gentilis,48-62,"600-1,100 (male); 900-2,000 (female)",135-165,birds,"woodland, farmland, grassland, upland",Kingdom Animalia<div>Phylum Chordata</div><div>Class Aves</div><div>Order Accipitriformes</div><div>Family Accipitridae</div><div>Genus&nbsp;<i>Accipiter</i></div>,Vögel,,,,,птицы,"lichte Wälder, Äcker, Grasland, Hochland",,,,,"редколесье, сельскохозяиственные угодья, травянистые сообщества, возвышенности"
Riparia riparia,12,13-14,26-29,,farmland,Kingdom Animalia<div>Phylum Chordata</div><div>Class Aves</div><div>Order Passeriformes</div><div>Family Hirundinidae</div><div>Genus&nbsp;<i>Riparia</i></div>,,,,,,,Äcker,,,,,сельскохозяиственные угодья
Larus marinus,64-78,1-2k,150-165,"shellfish, birds, carrion","farmland, marine, intertidal, upland, urban, suburban",Kingdom Animalia<div>Phylum Chordata</div><div>Class Aves</div><div>Order Charadriiformes</div><div>Family Laridae</div><div>Genus&nbsp;<i>Larus</i></div>,"Schalentiere, Vögel, Aas",,,,,"моллюски, птицы, падаль","Äcker, Meer, Watt, Hochland, Stadtgebiet, suburbane Gebiete",,,,,"сельскохозяиственные угодья, море, приливно-отливная зона, возвышенности, городская среда, пригород"
Haliaeetus albicilla,70-90,3.5-5k (male); 4-7k (female),200-240,"carrion, fish, birds, rabbits","farmland, marine, intertidal, upland",Kingdom Animalia<div>Phylum Chordata</div><div>Class Aves</div><div>Order Accipitriformes</div><div>Family Accipitridae</div><div>Genus&nbsp;<i>Haliaeetus</i></div>,"Aas, Fische, Vögel, Kaninchen",,,,,"падаль, рыба, птицы, кролики","Äcker, Meer, Watt, Hochland",,,,,"сельскохозяиственные угодья, море, приливно-отливная зона, возвышенности"
Larus fuscus,52-64,"620-1,000",135-150,"omnivore, scavenger","farmland, grassland, marine, intertidal, urban, suburban",Kingdom Animalia<div>Phylum Chordata</div><div>Class Aves</div><div>Order Charadriiformes</div><div>Family Laridae</div><div>Genus&nbsp;<i>Larus</i></div>,"Allesfresser, Aasresser",,,,,"всеядные, падальщики","Äcker, Grasland, Meer, Watt, Stadtgebiet, suburbane Gebiete",,,,,"сельскохозяиственные угодья, травянистые сообщества, море, приливно-отливная зона, городская среда, пригород"
Tringa ochropus,22,910 birds,1-2 pairs,insects,"farmland, marine, intertidal",Kingdom Animalia<div>Phylum Chordata</div><div>Class Aves</div><div>Order Charadriiformes</div><div>Family Scolopacidae</div><div>Genus <i>Tringa</i></div>,Insekten,,,,,насекомые ,"Äcker, Meer, Watt",,,,,"сельскохозяиственные угодья, море, приливно-отливная зона"
Sterna hirundo,,,,,,,,,,,,,,,,,,
Psittacula krameri,38-42,96-139,42-48,"fruits, berries, seeds","woodland, urban, suburban",,"Früchte, Beeren, Samen",,,,,"фрукты, ягоды, семена","lichte Wälder, Stadtgebiet, suburbane Gebiete",,,,,"редколесье, городская среда, пригород"
Tringa totanus,28,"110 (male), 130 (female)",62,"insects, earthworms, molluscs","grassland, marine, intertidal, upland",Kingdom Animalia<div>Phylum Chordata</div><div>Class Aves</div><div>Order Charadriiformes</div><div>Family Scolopacidae</div><div>Genus&nbsp;<i>Tringa</i></div>,"Insekten, Regenwürmer, Weichtiere",,,,,"насекомые , черви, моллюски","Grasland, Meer, Watt, Hochland",,,,,"травянистые сообщества, море, приливно-отливная зона, возвышенности"
Acrocephalus palustris,,,,,,Kingdom Animalia<div>Phylum Chordata</div><div>Class Aves</div><div>Order Passeriformes</div><div>Family Acrocephalidae</div><div>Genus&nbsp;<i>Acrocephalus</i></div>,,,,,,,,,,,,
Anthus trivialis,15,20-25,25-27,berries,"woodland, grassland, heathland",Kingdom Animalia<div>Phylum Chordata</div><div>Class Aves</div><div>Order Passeriformes</div><div>Family Motacillidae</div><div>Genus&nbsp;<i>Anthus</i></div>,Beeren,,,,,ягоды,"lichte Wälder, Grasland, Heide",,,,,"редколесье, травянистые сообщества, пустоши"
Falco peregrinus,39-50,600-1300,95-115,"birds, pigeons","farmland, grassland, marine, intertidal, upland",Kingdom Animalia<div>Phylum Chordata</div><div>Class Aves</div><div>Order Falconiformes</div><div>Family Falconidae</div><div>Genus&nbsp;<i>Falco</i></div>,"Vögel, Tauben",,,,,"птицы, голуби","Äcker, Grasland, Meer, Watt, Hochland",,,,,"сельскохозяиственные угодья, травянистые сообщества, море, приливно-отливная зона, возвышенности"
Podiceps nigricollis,28-34,250-350,56-60,insects,"marine, intertidal",Kingdom Animalia<div>Phylum Chordata</div><div>Class Aves</div><div>Order Podicipediformes</div><div>Family Podicipedidae</div><div>Genus&nbsp;<i>Podiceps</i></div>,Insekten,,,,,насекомые ,"Meer, Watt",,,,,"море, приливно-отливная зона"
Luscinia svecica,,,,,,Kingdom Animalia<div>Phylum Chordata</div><div>Class Aves</div><div>Order Passeriformes</div><div>Family Muscicapidae</div><div>Genus&nbsp;<i>Luscinia</i></div>,,,,,,,,,,,,
Dryobates minor,14-15,17-25,25-27,insects,"woodland, urban, suburban",Kingdom Animalia<div>Phylum Chordata</div><div>Class Aves</div><div>Order Piciformes</div><div>Family Picidae</div><div>Genus&nbsp;<i>Dendrocopos</i></div>,Insekten,,,,,насекомые ,"lichte Wälder, Stadtgebiet, suburbane Gebiete",,,,,"редколесье, городская среда, пригород"
Falco subbuteo,28-36,131-340,70-92,insects,"woodland, farmland, grassland, heathland, urban, suburban",Kingdom Animalia<div>Phylum Chordata</div><div>Class Aves</div><div>Order Falconiformes</div><div>Family Falconidae</div><div>Genus&nbsp;<i>Falco</i></div>,Insekten,,,,,насекомые ,"lichte Wälder, Äcker, Grasland, Heide, Stadtgebiet, suburbane Gebiete",,,,,"редколесье, сельскохозяиственные угодья, травянистые сообщества, пустоши, городская среда, пригород"
Acrocephalus schoenobaenus,13,10-13,17-21,"insects, berries","farmland, urban, suburban",Kingdom Animalia<div>Phylum Chordata</div><div>Class Aves</div><div>Order Passeriformes</div><div>Family Acrocephalidae</div><div>Genus&nbsp;<i>Acrocephalus</i></div>,"Insekten, Beeren",,,,,"насекомые , ягоды","Äcker, Stadtgebiet, suburbane Gebiete",,,,,"сельскохозяиственные угодья, городская среда, пригород"
Hippolais icterina,,,,,,,,,,,,,,,,,,
Strix aluco,37-39,330-590,94-104,"rodents, frogs, fish, insects, worms","woodland, farmland, urban, suburban",Kingdom Animalia<div>Phylum Chordata</div><div>Class Aves</div><div>Order Strigiformes</div><div>Family Strigidae</div><div>Genus&nbsp;<i>Strix</i></div>,"Nagetiere, Frösche, Fische, Insekten, Würmer",,,,,"грызуны, лягушки, рыба, насекомые , черви","lichte Wälder, Äcker, Stadtgebiet, suburbane Gebiete",,,,,"редколесье, сельскохозяиственные угодья, городская среда, пригород"
Ficedula hypoleuca,13,12-15,21-24,"insects, caterpillars, fruits, seeds","woodland, urban, suburban",,"Insekten, Raupen, Früchte, Samen",,,,,"насекомые , гусеницы, фрукты, семена","lichte Wälder, Stadtgebiet, suburbane Gebiete",,,,,"редколесье, городская среда, пригород"
Pandion haliaetus,52-60,1.2-2k,145-170,fish,"marine, intertidal",Kingdom Animalia<div>Phylum Chordata</div><div>Class Aves</div><div>Order Accipitriformes</div><div>Family Pandionidae</div><div>Genus&nbsp;<i>Pandion</i></div>,Fische,,,,,рыба,"Meer, Watt",,,,,"море, приливно-отливная зона"
Circus cyaneus,44-52,300-400 (male) 400-600 (female),100-120,,"farmland, grassland, marine, intertidal, upland",Kingdom Animalia<div>Phylum Chordata</div><div>Class Aves</div><div>Order Accipitriformes</div><div>Family Accipitridae</div><div>Genus&nbsp;<i>Circus</i></div>,,,,,,,"Äcker, Grasland, Meer, Watt, Hochland",,,,,"сельскохозяиственные угодья, травянистые сообщества, море, приливно-отливная зона, возвышенности"
Phylloscopus sibilatrix,12-13,8-12,19.5-24,insects,"woodland, urban, suburban",,Insekten,,,,,насекомые ,"lichte Wälder, Stadtgebiet, suburbane Gebiete",,,,,"редколесье, городская среда, пригород"
Loxia curvirostra,16.5,35-50,27-30.5,,woodland,,,,,,,,lichte Wälder,,,,,редколесье
Limosa limosa,40-44,280-340,70-82,"insects, worms, snails, plants, beetles, grasshoppers","grassland, marine, intertidal",Kingdom Animalia<div>Phylum Chordata</div><div>Class Aves</div><div>Order Charadriiformes</div><div>Family Scolopacidae</div><div>Genus&nbsp;<i>Limosa</i></div>,"Insekten, Würmer, Schnecken, Pflanzen, Käfer, Grashüpfer",,,,,"насекомые , черви, улитки, растения, жуки, кузнечики","Grasland, Meer, Watt",,,,,"травянистые сообщества, море, приливно-отливная зона"
Cygnus cygnus,140-160,9-11 k,205-235,"grass, grain, potatoes","farmland, grassland, marine, intertidal",Kingdom Animalia<div>Phylum Chordata</div><div>Class Aves</div><div>Order Anseriformes</div><div>Family Anatidae</div><div>Genus&nbsp;<i>Cygnus</i></div>,"Gras, Körner, Kartoffeln",,,,,"трава, зерно, картофель","Äcker, Grasland, Meer, Watt",,,,,"сельскохозяиственные угодья, травянистые сообщества, море, приливно-отливная зона"
Pernis apivorus,52-60,"600-1,100",135-150,bees,woodland,Kingdom Animalia<div>Phylum Chordata</div><div>Class Aves</div><div>Order Accipitriformes</div><div>Family Accipitridae</div><div>Genus&nbsp;<i>Pernis</i></div>,Bienen,,,,,пчёлы,lichte Wälder,,,,,редколесье
Ardea purpurea,,,,"fish, amphibians, snakes, lizards, snails, insects","marshes, lagoons",Kingdom Animalia<div>Phylum Chordata</div><div>Class Aves</div><div>Order Pelecaniformes</div><div>Family Ardeidae</div><div>Genus&nbsp;<i>Ardea</i></div>,"Fische, Amphibien, Schlangen, Eidechsen, Schnecken, Insekten",,,,,"рыба, земноводные, змеи, ящерицы, улитки, насекомые ","Sümpfe, Lagunen",,,,,"болота, лагуны"
Platalea leucorodia,80-90,1.3-2k,120-135,,"marine, intertidal",,,,,,,,"Meer, Watt",,,,,"море, приливно-отливная зона"
Perdix perdix,30,390,46,"leaves, seeds, insects","farmland, grassland",Kingdom Animalia<div>Phylum Chordata</div><div>Class Aves</div><div>Order Galliformes</div><div>Family Phasianidae</div><div>Genus&nbsp;<i>Perdix</i></div>,"Blätter, Samen, Insekten",,,,,"листья, семена, насекомые ","Äcker, Grasland",,,,,"сельскохозяиственные угодья, травянистые сообщества"
Ichthyaetus melanocephalus,36-38,230-280,92-100,"insects, fish, offal, carrion","farmland, grassland, marine, intertidal, urban, suburban",Kingdom Animalia<div>Phylum Chordata</div><div>Class Aves</div><div>Order Charadriiformes</div><div>Family Laridae</div><div>Genus <i>Ichthyaetus</i></div>,"Insekten, Fische, Fleischabfälle, Aas",,,,,"насекомые , рыба, потроха, падаль","Äcker, Grasland, Meer, Watt, Stadtgebiet, suburbane Gebiete",,,,,"сельскохозяиственные угодья, травянистые сообщества, море, приливно-отливная зона, городская среда, пригород"
Numenius phaeopus,40-46,270-450,71-81,"insects, snails, slugs, crabs, shrimps, molluscs, worms","grassland, marine, intertidal, upland",Kingdom Animalia<div>Phylum Chordata</div><div>Class Aves</div><div>Order Charadriiformes</div><div>Family Scolopacidae</div><div>Genus&nbsp;<i>Numenius</i></div>,"Insekten, Schnecken, Nacktschnecken, Krabben, Garnelen, Weichtiere, Würmer",,,,,"насекомые , улитки, слизни, крабы, креветки, моллюски, черви","Grasland, Meer, Watt, Hochland",,,,,"травянистые сообщества, море, приливно-отливная зона, возвышенности"
Coturnix coturnix,16-18,75-135,32-35,"seeds, insects","farmland, grassland",Kingdom Animalia<div>Phylum Chordata</div><div>Class Aves</div><div>Order Galliformes</div><div>Family Phasianidae</div><div>Genus&nbsp;<i>Coturnix</i></div>,"Samen, Insekten",,,,,"семена, насекомые ","Äcker, Grasland",,,,,"сельскохозяиственные угодья, травянистые сообщества"
Asio otus,35-37,210-370,84-95,rodents,"woodland, farmland",Kingdom Animalia<div>Phylum Chordata</div><div>Class Aves</div><div>Order Strigiformes</div><div>Family Strigidae</div><div>Genus&nbsp;<i>Asio</i></div>,Nagetiere,,,,,грызуны,"lichte Wälder, Äcker",,,,,"редколесье, сельскохозяиственные угодья"
Bubo bubo,,,,"voles, rats, mice, rabbits, hares",,Kingdom Animalia<div>Phylum Chordata</div><div>Class Aves</div><div>Order Strigiformes</div><div>Family Strigidae</div><div>Genus&nbsp;<i>Bubo</i></div>,"Wühlmäuse, Ratten, Mäuse, Kaninchen, Hasen",,,,,"полёвки, крысы, мыши, кролики, зайцы",,,,,,
Asio flammeus,34-42,260-350,90-105,voles,"farmland, grassland, marine, intertidal, upland",Kingdom Animalia<div>Phylum Chordata</div><div>Class Aves</div><div>Order Strigiformes</div><div>Family Strigidae</div><div>Genus&nbsp;<i>Asio</i></div>,Wühlmäuse,,,,,полёвки,"Äcker, Grasland, Meer, Watt, Hochland",,,,,"сельскохозяиственные угодья, травянистые сообщества, море, приливно-отливная зона, возвышенности"
Athene noctua,21-23,140-220,54-58,"birds, beetles, worms","woodland, farmland, grassland, urban, suburban",Kingdom Animalia<div>Phylum Chordata</div><div>Class Aves</div><div>Order Strigiformes</div><div>Family Strigidae</div><div>Genus&nbsp;<i>Athene</i></div>,"Vögel, Käfer, Würmer",,,,,"птицы, жуки, черви","lichte Wälder, Äcker, Grasland, Stadtgebiet, suburbane Gebiete",,,,,"редколесье, сельскохозяиственные угодья, травянистые сообщества, городская среда, пригород"
Luscinia luscinia,,,,"insects, worms",,,"Insekten, Würmer",,,,,"насекомые , черви",,,,,,
Cygnus columbianus bewickii,"115-127  from bill to tail, includin the lon neck. A winspan of 170-195","4-5,000 birds",Just under 6 k on averae,"potatoes, grain, grass","farmland, marine, intertidal",Kingdom Animalia<div>Phylum Chordata</div><div>Class Aves</div><div>Order Anseriformes</div><div>Family Anatidae</div><div>Genus&nbsp;<i>Cygnus</i></div>,"Kartoffeln, Körner, Gras",,,,,"картофель, зерно, трава","Äcker, Meer, Watt",,,,,"сельскохозяиственные угодья, море, приливно-отливная зона"
Tyto alba,33-39,250-350,80-95,"mice, voles","farmland, grassland, marine, intertidal",Kingdom Animalia<div>Phylum Chordata</div><div>Class Aves</div><div>Order Strigiformes</div><div>Family Tytonidae</div><div>Genus&nbsp;<i>Tyto</i></div>,"Mäuse, Wühlmäuse",,,,,"мыши, полёвки","Äcker, Grasland, Meer, Watt",,,,,"сельскохозяиственные угодья, травянистые сообщества, море, приливно-отливная зона"
Saxicola rubetra,12.5,16-24,21-24,"insects, seeds","woodland, farmland, grassland, heathland, upland",,"Insekten, Samen",,,,,"насекомые , семена","lichte Wälder, Äcker, Grasland, Heide, Hochland",,,,,"редколесье, сельскохозяиственные угодья, травянистые сообщества, пустоши, возвышенности"
Oenanthe oenanthe,14.5-15.5,17-30,26-32,insects,"farmland, grassland, upland",,Insekten,,,,,насекомые ,"Äcker, Grasland, Hochland",,,,,"сельскохозяиственные угодья, травянистые сообщества, возвышенности"
Cinclus cinclus,18,55-75,25-30,shrimps,upland,,Garnelen,,,,,креветки,Hochland,,,,,возвышенности
Tringa nebularia,32,190,69,"worms, snails, fish","marine, intertidal",,"Würmer, Schnecken, Fische",,,,,"черви, улитки, рыба","Meer, Watt",,,,,"море, приливно-отливная зона"
Recurvirostra avosetta,42-45,260-290,77-80,worms,"grassland, marine, intertidal",,Würmer,,,,,черви,"Grasland, Meer, Watt",,,,,"травянистые сообщества, море, приливно-отливная зона"
Tringa glareola,19-21,50-90,36-40,"insects, worms, shellfish",grassland,,"Insekten, Würmer, Schalentiere",,,,,"насекомые , черви, моллюски",Grasland,,,,,травянистые сообщества
Tadorna ferruginea,58-65,0.85-1.4 k,1.1-1.33 m,shellfish,"farmland, grassland, marine, intertidal",,Schalentiere,,,,,моллюски,"Äcker, Grasland, Meer, Watt",,,,,"сельскохозяиственные угодья, травянистые сообщества, море, приливно-отливная зона"
Somateria mollissima,50-71,1.2-2.8k,80-108,shellfish,"marine, intertidal",,Schalentiere,,,,,моллюски,"Meer, Watt",,,,,"море, приливно-отливная зона"
Nucifraga caryocatactes,,,,,,,,,,,,,,,,,,
Oriolus oriolus,24,56-79,44-47,"insects, berries",woodland,,"Insekten, Beeren",,,,,"насекомые , ягоды",lichte Wälder,,,,,редколесье
Pyrrhocorax graculus,,,,"beetles, snails, grasshoppers, caterpillars, fruits, berries",mountains,,"Käfer, Schnecken, Grashüpfer, Raupen, Früchte, Beeren",,,,,"жуки, улитки, кузнечики, гусеницы, фрукты, ягоды",Berge,,,,,горы
Calidris alpina,16-20,40-50,35-40,"insects, snails, worms","farmland, grassland, marine, intertidal",,"Insekten, Schnecken, Würmer",,,,,"насекомые , улитки, черви","Äcker, Grasland, Meer, Watt",,,,,"сельскохозяиственные угодья, травянистые сообщества, море, приливно-отливная зона"
Calidris pugnax,20-32,70-150,46-58,"insects, frogs, seeds","farmland, grassland",,"Insekten, Frösche, Samen",,,,,"насекомые , лягушки, семена","Äcker, Grasland",,,,,"сельскохозяиственные угодья, травянистые сообщества"
Anas acuta,63-70,0.55 to 2.2 k,80-95,plants,"grassland, marine, intertidal",,Pflanzen,,,,,растения,"Grasland, Meer, Watt",,,,,"травянистые сообщества, море, приливно-отливная зона"
Charadrius hiaticula,18-20,55-75,48-57,"flies, molluscs","grassland, marine, intertidal",,"Fliegen, Weichtiere",,,,,"мухи, моллюски","Grasland, Meer, Watt",,,,,"травянистые сообщества, море, приливно-отливная зона"
Charadrius dubius,14-15,32-48,42-48,insects,grassland,,Insekten,,,,,насекомые ,Grasland,,,,,травянистые сообщества
Actitis hypoleucos,,,,"amphibians, insects, worms",reservoirs,,"Amphibien, Insekten, Würmer",,,,,"земноводные, насекомые , черви",künstliche Seen,,,,,водохранилища 
Anthus spinoletta,17,20-36,22.5-28,insects,grassland,,Insekten,,,,,насекомые ,Grasland,,,,,травянистые сообщества
Locustella luscinioides,,,,"insects, flies, beetles, damselflies","marshes, sedges",,"Insekten, Fliegen, Käfer, kleine Libellen",,,,,"насекомые , мухи, жуки, стрекозы","Sümpfe, Riedegras",,,,,"болота, камыши"
Rallus aquaticus,23-28,80-180,38-45,"omnivore, snails, insects","grassland, urban, suburban",,"Allesfresser, Schnecken, Insekten",,,,,"всеядные, улитки, насекомые ","Grasland, Stadtgebiet, suburbane Gebiete",,,,,"травянистые сообщества, городская среда, пригород"
Spatula querquedula,37-41,250-450,60-63,"plants, insects",grassland,,"Pflanzen, Insekten",,,,,"растения, насекомые ",Grasland,,,,,травянистые сообщества
Aix galericulata,41-49,430-690,68-74,"insects, seeds",woodland,,"Insekten, Samen",,,,,"насекомые , семена",lichte Wälder,,,,,редколесье
Acrocephalus arundinaceus,,,,"damselflies, beetles, frogs",,,"kleine Libellen, Käfer, Frösche",,,,,"стрекозы, жуки, лягушки",,,,,,
Anser serrirostris,53-70,"1.9-3.3k (m), 2.0-2.8k (f)",118-140,"grass, cereals, potatoes, crops","farmland, grassland",,"Gras, Getreide, Kartoffeln, Feldfrüchte",,,,,"трава, злаки, картофель, зерновые","Äcker, Grasland",,,,,"сельскохозяиственные угодья, травянистые сообщества"
