guid,name,freq,image,image_male,image_female,image_juv,image_silh,image_nest,image_egg,song,call,alarm_call,flight_call,courting_call,taxonomy,tags
K_3%/iI+Ga,Turdus merula,10,,"<img src=""Turdus_merula_image_male_1.jpg"" />|<img src=""Turdus_merula_image_male_2.jpg"" />|<img src=""Turdus_merula_image_male_3.jpg"" />|<img src=""Turdus_merula_image_male_4.jpg"" />|<img src=""Turdus_merula_image_male_5.jpg"" />","<img src=""Turdus_merula_image_female_1.jpg"" />|<img src=""Turdus_merula_image_female_2.jpg"" />|<img src=""Turdus_merula_image_female_3.jpg"" />|<img src=""Turdus_merula_image_female_4.jpg"" />|<img src=""Turdus_merula_image_female_5.jpg"" />",,,,,[sound:Turdus_merula_song_1.mp3],[sound:Turdus_merula_call_1.mp3],,,,Kingdom Animalia<div>Phylum Chordata</div><div>Class Aves</div><div>Order Passeriformes</div><div>Family Turdidae</div><div>Genus&nbsp;<i>Turdus</i></div>,Animalia::Chordata::Aves::Passeriformes::Turdidae::Turdus
N1mkYP`a&[,Parus major,20,,"<img src=""Parus_major_image_male_1.jpg"" />|<img src=""Parus_major_image_male_2.jpg"" />|<img src=""Parus_major_image_male_3.jpg"" />|<img src=""Parus_major_image_male_4.jpg"" />|<img src=""Parus_major_image_male_5.jpg"" />","<img src=""Parus_major_image_female_1.jpg"" />|<img src=""Parus_major_image_female_2.jpg"" />|<img src=""Parus_major_image_female_3.jpg"" />|<img src=""Parus_major_image_female_4.jpg"" />|<img src=""Parus_major_image_female_5.jpg"" />",,,,,[sound:Parus_major_song_1.mp3],[sound:Parus_major_call_1.mp3],,,,Kingdom Animalia<div>Phylum Chordata</div><div>Class Aves</div><div>Order Passeriformes</div><div>Family Paridae</div><div>Genus&nbsp;<i>Parus</i></div>,Animalia::Chordata::Aves::Passeriformes::Paridae::Parus
l)!O7k[Nfc,Corvus corone,30,"<img src=""Corvus_corone_image_1.jpg"" />|<img src=""Corvus_corone_image_2.jpg"" />|<img src=""Corvus_corone_image_3.jpg"" />|<img src=""Corvus_corone_image_4.jpg"" />|<img src=""Corvus_corone_image_5.jpg"" />",,,,,,,,[sound:Corvus_corone_call_1.mp3],,,,Kingdom Animalia<div>Phylum Chordata</div><div>Class Aves</div><div>Order Passeriformes</div><div>Family Corvidae</div><div>Genus&nbsp;<i>Corvus</i></div>,Animalia::Chordata::Aves::Passeriformes::Corvidae::Corvus
oxjgIPR]Q(,Columba palumbus,40,"<img src=""Columba_palumbus_image_1.jpg"" />|<img src=""Columba_palumbus_image_2.jpg"" />|<img src=""Columba_palumbus_image_3.jpg"" />|<img src=""Columba_palumbus_image_4.jpg"" />|<img src=""Columba_palumbus_image_5.jpg"" />",,,,,,,[sound:Columba_palumbus_song_1.mp3],,,,,Kingdom Animalia<div>Phylum Chordata</div><div>Class Aves</div><div>Order Columbiformes</div><div>Family Columbidae</div><div>Genus&nbsp;<i>Columba</i></div>,Animalia::Chordata::Aves::Columbiformes::Columbidae::Columba
LE!J`}0rnb,Cyanistes caeruleus,50,,"<img src=""Cyanistes_caeruleus_image_male_1.jpg"" />|<img src=""Cyanistes_caeruleus_image_male_2.jpg"" />|<img src=""Cyanistes_caeruleus_image_male_3.jpg"" />|<img src=""Cyanistes_caeruleus_image_male_4.jpg"" />|<img src=""Cyanistes_caeruleus_image_male_5.jpg"" />","<img src=""Cyanistes_caeruleus_image_female_1.jpg"" />|<img src=""Cyanistes_caeruleus_image_female_2.jpg"" />|<img src=""Cyanistes_caeruleus_image_female_3.jpg"" />",,,,,[sound:Cyanistes_caeruleus_song_1.mp3],[sound:Cyanistes_caeruleus_call_1.mp3],,,,Kingdom Animalia<div>Phylum Chordata</div><div>Class Aves</div><div>Order Passeriformes</div><div>Family Paridae</div><div>Genus&nbsp;<i>Cyanistes</i></div>,Animalia::Chordata::Aves::Passeriformes::Paridae::Cyanistes
pxN/qEMzD,Fringilla coelebs,60,,"<img src=""Fringilla_coelebs_image_male_1.jpg"" />|<img src=""Fringilla_coelebs_image_male_2.jpg"" />|<img src=""Fringilla_coelebs_image_male_3.jpg"" />|<img src=""Fringilla_coelebs_image_male_4.jpg"" />|<img src=""Fringilla_coelebs_image_male_5.jpg"" />","<img src=""Fringilla_coelebs_image_female_1.jpg"" />|<img src=""Fringilla_coelebs_image_female_2.jpg"" />|<img src=""Fringilla_coelebs_image_female_3.jpg"" />|<img src=""Fringilla_coelebs_image_female_4.jpg"" />|<img src=""Fringilla_coelebs_image_female_5.jpg"" />",,,,,[sound:Fringilla_coelebs_song_1.mp3],[sound:Fringilla_coelebs_call_1.mp3],,,,Kingdom Animalia<div>Phylum Chordata</div><div>Class Aves</div><div>Order Passeriformes</div><div>Family Fringillidae</div><div>Genus&nbsp;<i>Fringilla</i></div>,Animalia::Chordata::Aves::Passeriformes::Fringillidae::Fringilla
wNOb_>e4OT,Columba oenas,900,"<img src=""Columba_oenus_image_1.jpg"" />|<img src=""Columba_oenus_image_2.jpg"" />|<img src=""Columba_oenus_image_3.jpg"" />|<img src=""Columba_oenus_image_4.jpg"" />|<img src=""Columba_oenus_image_5.jpg"" />",,,,,,,[sound:Columba_oenus_song_1.mp3],,,,,Kingdom Animalia<div>Phylum Chordata</div><div>Class Aves</div><div>Order Columbiformes</div><div>Family Columbidae</div><div>Genus&nbsp;<i>Columba</i></div>,Animalia::Chordata::Aves::Columbiformes::Columbidae::Columba
BvMEMR_{.F,Anas platyrhynchos,70,,"<img src=""Anas_platyrhynchos_image_male_1.jpg"" />|<img src=""Anas_platyrhynchos_image_male_2.jpg"" />|<img src=""Anas_platyrhynchos_image_male_3.jpg"" />|<img src=""Anas_platyrhynchos_image_male_4.jpg"" />|<img src=""Anas_platyrhynchos_image_male_5.jpg"" />","<img src=""Anas_platyrhynchos_image_female_1.jpg"" />|<img src=""Anas_platyrhynchos_image_female_2.jpg"" />|<img src=""Anas_platyrhynchos_image_female_3.jpg"" />|<img src=""Anas_platyrhynchos_image_female_4.jpg"" />|<img src=""Anas_platyrhynchos_image_female_5.jpg"" />",,,,,,[sound:Anas_platyrhynchos_call_1.mp3],,,,Kingdom Animalia<div>Phylum Chordata</div><div>Class Aves</div><div>Order Anseriformes</div><div>Family Anatidae</div><div>Genus&nbsp;<i>Anas</i></div>,Animalia::Chordata::Aves::Anseriformes::Anatidae::Anas
eM.V?XQfhR,Erithacus rubecula,75,"<img src=""Erithacus_rubecula_image_1.jpg"" />|<img src=""Erithacus_rubecula_image_2.jpg"" />|<img src=""Erithacus_rubecula_image_3.jpg"" />|<img src=""Erithacus_rubecula_image_4.jpg"" />|<img src=""Erithacus_rubecula_image_5.jpg"" />",,,,,,,[sound:Erithacus_rubecula_song_1.mp3],[sound:Erithacus_rubecula_call_1.mp3],,,,Kingdom Animalia<div>Phylum Chordata</div><div>Class Aves</div><div>Order Passeriformes</div><div>Family Muscicapidae</div><div>Genus&nbsp;<i>Erithacus</i></div>,Animalia::Chordata::Aves::Passeriformes::Muscicapidae::Erithacus
p&gd;1~l^i,Pica pica,80,"<img src=""Pica_pica_image_1.jpg"" />|<img src=""Pica_pica_image_2.jpg"" />|<img src=""Pica_pica_image_3.jpg"" />|<img src=""Pica_pica_image_4.jpg"" />|<img src=""Pica_pica_image_5.jpg"" />",,,,,,,,[sound:Pica_pica_call_1.mp3],,,,Kingdom Animalia<div>Phylum Chordata</div><div>Class Aves</div><div>Order Passeriformes</div><div>Family Corvidae</div><div>Genus&nbsp;<i>Pica</i></div>,Animalia::Chordata::Aves::Passeriformes::Corvidae::Pica
d5^j~NoxF=,Sturnus vulgaris,90,"<img src=""Sturnus_vulgaris_image_1.jpg"" />|<img src=""Sturnus_vulgaris_image_2.jpg"" />|<img src=""Sturnus_vulgaris_image_3.jpg"" />|<img src=""Sturnus_vulgaris_image_4.jpg"" />|<img src=""Sturnus_vulgaris_image_5.jpg"" />",,,,,,,[sound:Sturnus_vulgaris_song_1.mp3],[sound:Sturnus_vulgaris_call_1.mp3],,,,Kingdom Animalia<div>Phylum Chordata</div><div>Class Aves</div><div>Order Passeriformes</div><div>Family Sturnidae</div><div>Genus&nbsp;<i>Sturnus</i></div>,Animalia::Chordata::Aves::Passeriformes::Sturnidae::Sturnus
kMj{lOEo8_,Dendrocopos major,100,,"<img src=""Dendrocopos_major_image_male_1.jpg"" />|<img src=""Dendrocopos_major_image_male_2.jpg"" />|<img src=""Dendrocopos_major_image_male_3.jpg"" />|<img src=""Dendrocopos_major_image_male_4.jpg"" />|<img src=""Dendrocopos_major_image_male_5.jpg"" />","<img src=""Dendrocopos_major_image_female_1.jpg"" />|<img src=""Dendrocopos_major_image_female_2.jpg"" />|<img src=""Dendrocopos_major_image_female_3.jpg"" />|<img src=""Dendrocopos_major_image_female_4.jpg"" />|<img src=""Dendrocopos_major_image_female_5.jpg"" />",,,,,,[sound:Dendrocopos_major_call_1.mp3],,,,Kingdom Animalia<div>Phylum Chordata</div><div>Class Aves</div><div>Order Piciformes</div><div>Family Picidae</div><div>Genus&nbsp;<i>Dendrocopos</i></div>,Animalia::Chordata::Aves::Piciformes::Picidae::Dendrocopos
G-j08?2}>m,Passer domesticus,110,,"<img src=""Passer_domesticus_image_male_1.jpg"" />|<img src=""Passer_domesticus_image_male_2.jpg"" />|<img src=""Passer_domesticus_image_male_3.jpg"" />|<img src=""Passer_domesticus_image_male_4.jpg"" />|<img src=""Passer_domesticus_image_male_5.jpg"" />","<img src=""Passer_domesticus_image_female_1.jpg"" />|<img src=""Passer_domesticus_image_female_2.jpg"" />|<img src=""Passer_domesticus_image_female_3.jpg"" />|<img src=""Passer_domesticus_image_female_4.jpg"" />|<img src=""Passer_domesticus_image_female_5.jpg"" />",,,,,[sound:Passer_domesticus_song_1.mp3],,,,,Kingdom Animalia<div>Phylum Chordata</div><div>Class Aves</div><div>Order Passeriformes</div><div>Family Passeridae</div><div>Genus&nbsp;<i>Passer</i></div>,Animalia::Chordata::Aves::Passeriformes::Passeridae::Passer
hzeihTgPqz,Buteo buteo,120,"<img src=""Buteo_buteo_image_1.jpg"" />|<img src=""Buteo_buteo_image_2.jpg"" />|<img src=""Buteo_buteo_image_3.jpg"" />|<img src=""Buteo_buteo_image_4.jpg"" />|<img src=""Buteo_buteo_image_5.jpg"" />",,,,"""<img src=""Buteo_buteo_image_silh_1.jpg"" />|<img src=""Buteo_buteo_image_silh_2.jpg"" />|<img src=""Buteo_buteo_image_silh_3.jpg"" />""",,,,[sound:Buteo_buteo_call_1.mp3],,,,Kingdom Animalia<div>Phylum Chordata</div><div>Class Aves</div><div>Order Accipitriformes</div><div>Family Accipitridae</div><div>Genus&nbsp;<i>Buteo</i></div>,Animalia::Chordata::Aves::Accipitriformes::Accipitridae::Buteo
l>rh7|*-o1,Ardea cinerea,130,"<img src=""Ardea_cinerea_image_1.jpg"" />|<img src=""Ardea_cinerea_image_2.jpg"" />|<img src=""Ardea_cinerea_image_3.jpg"" />|<img src=""Ardea_cinerea_image_4.jpg"" />|<img src=""Ardea_cinerea_image_5.jpg"" />",,,,,,,,[sound:Ardea_cinerea_call_1.mp3],,,,Kingdom Animalia<div>Phylum Chordata</div><div>Class Aves</div><div>Order Pelecaniformes</div><div>Family Ardeidae</div><div>Genus&nbsp;<i>Ardea</i></div>,Animalia::Chordata::Aves::Pelecaniformes::Ardeidae::Ardea
J|Y>xlP^^v,Phylloscopus collybita,140,"<img src=""Phylloscopus_collybita_image_1.jpg"" />|<img src=""Phylloscopus_collybita_image_2.jpg"" />|<img src=""Phylloscopus_collybita_image_3.jpg"" />|<img src=""Phylloscopus_collybita_image_4.jpg"" />|<img src=""Phylloscopus_collybita_image_5.jpg"" />",,,,,,,[sound:Phylloscopus_collybita_song_1.mp3],[sound:Phylloscopus_collybita_call_1.mp3],,,,Kingdom Animalia<div>Phylum Chordata</div><div>Class Aves</div><div>Order Passeriformes</div><div>Family Phylloscopidae</div><div>Genus <i>Phylloscopus</i></div>,Animalia::Chordata::Aves::Passeriformes::Phylloscopidae::Phylloscopus
N6h@_GpmWA,Troglodytes troglodytes,150,"<img src=""Troglodytes_troglodytes_image_1.jpg"" />|<img src=""Troglodytes_troglodytes_image_2.jpg"" />|<img src=""Troglodytes_troglodytes_image_3.jpg"" />|<img src=""Troglodytes_troglodytes_image_4.jpg"" />|<img src=""Troglodytes_troglodytes_image_5.jpg"" />",,,,,,,[sound:Troglodytes_troglodytes_song_1.mp3],[sound:Troglodytes_troglodytes_call_1.mp3],,,,Kingdom Animalia<div>Phylum Chordata</div><div>Class Aves</div><div>Order Passeriformes</div><div>Family Troglodytidae</div><div>Genus<i>&nbsp;Troglodytes</i></div>,Animalia::Chordata::Aves::Passeriformes::Troglodytidae::Troglodytes
N&#xb5*yK0,Garrulus glandarius,160,"<img src=""Garrulus_glandarius_image_1.jpg"" />|<img src=""Garrulus_glandarius_image_2.jpg"" />|<img src=""Garrulus_glandarius_image_3.jpg"" />|<img src=""Garrulus_glandarius_image_4.jpg"" />|<img src=""Garrulus_glandarius_image_5.jpg"" />",,,,,,,[sound:Garrulus_glandarius_song_1.mp3],[sound:Garrulus_glandarius_call_1.mp3],,,,Kingdom Animalia<div>Phylum Chordata</div><div>Class Aves</div><div>Order Passeriformes</div><div>Family Corvidae</div><div>Genus&nbsp;<i>Garrulus</i></div>,Animalia::Chordata::Aves::Passeriformes::Corvidae::Garrulus
YEb@%UMy},Phalacrocorax carbo,170,"<img src=""Phalacrocorax_carbor_image_1.jpg"" />|<img src=""Phalacrocorax_carbor_image_2.jpg"" />|<img src=""Phalacrocorax_carbor_image_3.jpg"" />|<img src=""Phalacrocorax_carbor_image_4.jpg"" />|<img src=""Phalacrocorax_carbor_image_5.jpg"" />",,,,,,,,[sound:Phalacrocorax_carbor_call_1.mp3],,,,Kingdom Animalia<div>Phylum Chordata</div><div>Class Aves</div><div>Order Suliformes</div><div>Family Phalacrocoracidae</div><div>Genus&nbsp;<i>Phalacrocorax</i></div>,Animalia::Chordata::Aves::Suliformes::Phalacrocoracidae::Phalacrocorax
kBb|>+M)%0,Sitta europaea,180,"<img src=""Sitta_europaea_image_1.jpg"" />|<img src=""Sitta_europaea_image_2.jpg"" />|<img src=""Sitta_europaea_image_3.jpg"" />|<img src=""Sitta_europaea_image_4.jpg"" />|<img src=""Sitta_europaea_image_5.jpg"" />",,,,,,,[sound:Sitta_europaea_song_1.mp3],[sound:Sitta_europaea_call_1.mp3],,,,Kingdom Animalia<div>Phylum Chordata</div><div>Class Aves</div><div>Order Passeriformes</div><div>Family Sittidae</div><div>Genus&nbsp;<i>Sitta</i></div>,Animalia::Chordata::Aves::Passeriformes::Sittidae::Sitta
CFSh]9LZ5W,Fulica atra,185,"<img src=""Fulica_atra_image_1.jpg"" />|<img src=""Fulica_atra_image_2.jpg"" />|<img src=""Fulica_atra_image_3.jpg"" />|<img src=""Fulica_atra_image_4.jpg"" />|<img src=""Fulica_atra_image_5.jpg"" />",,,,,,,,[sound:Fulica_atra_call_1.mp3],,,,Kingdom Animalia<div>Phylum Chordata</div><div>Class Aves</div><div>Order Gruiformes</div><div>Family Rallidae</div><div>Genus&nbsp;<i>Fulica</i></div>,Animalia::Chordata::Aves::Gruiformes::Rallidae::Fulica
+P:y8`3SF,Chloris chloris,190,,"<img src=""Chloris_chloris_image_male_1.jpg"" />|<img src=""Chloris_chloris_image_male_2.jpg"" />|<img src=""Chloris_chloris_image_male_3.jpg"" />|<img src=""Chloris_chloris_image_male_4.jpg"" />|<img src=""Chloris_chloris_image_male_5.jpg"" />","<img src=""Chloris_chloris_image_female_1.jpg"" />|<img src=""Chloris_chloris_image_female_2.jpg"" />|<img src=""Chloris_chloris_image_female_3.jpg"" />|<img src=""Chloris_chloris_image_female_4.jpg"" />|<img src=""Chloris_chloris_image_female_5.jpg"" />",,,,,[sound:Chloris_chloris_song_1.mp3],[sound:Chloris_chloris_call_1.mp3],,,,Kingdom Animalia<div>Phylum Chordata</div><div>Class Aves</div><div>Order Passeriformes</div><div>Family Fringillidae</div><div>Genus <i>Chloris</i></div>,Animalia::Chordata::Aves::Passeriformes::Fringillidae::Chloris
iFP(>VEOXT,Motacilla alba,200,"<img src=""Motacilla_alba_image_1.jpg"" />|<img src=""Motacilla_alba_image_2.jpg"" />|<img src=""Motacilla_alba_image_3.jpg"" />|<img src=""Motacilla_alba_image_4.jpg"" />|<img src=""Motacilla_alba_image_5.jpg"" />",,,,,,,[sound:Motacilla_alba_song_1.mp3],[sound:Motacilla_alba_call_1.mp3],,,,Kingdom Animalia<div>Phylum Chordata</div><div>Class Aves</div><div>Order Passeriformes</div><div>Family Motacillidae</div><div>Genus <i>Motacilla</i></div>,Animalia::Chordata::Aves::Passeriformes::Motacillidae::Motacilla
KUw=[3MJ]s,Sylvia atricapilla,210,,"<img src=""Sylvia_atricapilla_image_male_1.jpg"" />|<img src=""Sylvia_atricapilla_image_male_2.jpg"" />|<img src=""Sylvia_atricapilla_image_male_3.jpg"" />|<img src=""Sylvia_atricapilla_image_male_4.jpg"" />|<img src=""Sylvia_atricapilla_image_male_5.jpg"" />","<img src=""Sylvia_atricapilla_image_female_1.jpg"" />|<img src=""Sylvia_atricapilla_image_female_2.jpg"" />|<img src=""Sylvia_atricapilla_image_female_3.jpg"" />|<img src=""Sylvia_atricapilla_image_female_4.jpg"" />|<img src=""Sylvia_atricapilla_image_female_5.jpg"" />",,,,,[sound:Sylvia_atricapilla_image_song_1.MP3],[sound:Sylvia_atricapilla_call_1.mp3],,,,Kingdom Animalia<div>Phylum Chordata</div><div>Class Aves</div><div>Order Passeriformes</div><div>Family Sylviidae</div><div>Genus&nbsp;<i>Sylvia</i></div>,Animalia::Chordata::Aves::Passeriformes::Sylviidae::Sylvia
JkM}iwGds#,Cygnus olor,220,"<img src=""Cygnus_olor_image_1.jpg"" />|<img src=""Cygnus_olor_image_2.jpg"" />|<img src=""Cygnus_olor_image_3.jpg"" />|<img src=""Cygnus_olor_image_4.jpg"" />|<img src=""Cygnus_olor_image_5.jpg"" />",,,,,,,,[sound:Cygnus_olor_call_1.mp3],,,,Kingdom Animalia<div>Phylum Chordata</div><div>Class Aves</div><div>Order Anseriformes</div><div>Family Anatidae</div><div>Genus&nbsp;<i>Cygnus</i></div>,Animalia::Chordata::Aves::Anseriformes::Anatidae::Cygnus
ifpiK^`cuN,Anser anser,230,"<img src=""Anser_anser_image_1.jpg"" />|<img src=""Anser_anser_image_2.jpg"" />|<img src=""Anser_anser_image_3.jpg"" />|<img src=""Anser_anser_image_4.jpg"" />|<img src=""Anser_anser_image_5.jpg"" />",,,,,,,,[sound:Anser_anser_call_1.mp3],,,,Kingdom Animalia<div>Phylum Chordata</div><div>Class Aves</div><div>Order Anseriformes</div><div>Family Anatidae</div><div>Genus&nbsp;<i>Anser</i></div>,Animalia::Chordata::Aves::Anseriformes::Anatidae::Anser
L:00I%HA}/,Carduelis carduelis,240,"<img src=""Carduelis_carduelis_image_1.jpg"" />|<img src=""Carduelis_carduelis_image_2.jpg"" />|<img src=""Carduelis_carduelis_image_3.jpg"" />|<img src=""Carduelis_carduelis_image_4.jpg"" />|<img src=""Carduelis_carduelis_image_5.jpg"" />",,,,,,,[sound:Carduelis_carduelis_song_1.mp3],[sound:Carduelis_carduelis_call_1.mp3],,,,Kingdom Animalia<div>Phylum Chordata</div><div>Class Aves</div><div>Order Passeriformes</div><div>Family Fringillidae</div><div>Genus&nbsp;<i>Carduelis</i></div>,Animalia::Chordata::Aves::Passeriformes::Fringillidae::Carduelis
9<RlkQYjV,Falco tinnunculus,250,,"<img src=""Falco_tinnunculus_image_male_1.jpg"" />|<img src=""Falco_tinnunculus_image_male_2.jpg"" />|<img src=""Falco_tinnunculus_image_male_3.jpg"" />|<img src=""Falco_tinnunculus_image_male_4.jpg"" />|<img src=""Falco_tinnunculus_image_male_5.jpg"" />","<img src=""Falco_tinnunculus_image_female_1.jpg"" />|<img src=""Falco_tinnunculus_image_female_2.jpg"" />|<img src=""Falco_tinnunculus_image_female_3.jpg"" />|<img src=""Falco_tinnunculus_image_female_4.jpg"" />|<img src=""Falco_tinnunculus_image_female_5.jpg"" />",,"""<img src=""Falco_tinnunculus_image_silh_1.jpg"" />|<img src=""Falco_tinnunculus_image_silh_2.jpg"" />|<img src=""Falco_tinnunculus_image_silh_3.jpg"" />""",,,,[sound:Falco_tinnunculus_call_1.mp3],,,,Kingdom Animalia<div>Phylum Chordata</div><div>Class Aves</div><div>Order Falconiformes</div><div>Family Falconidae</div><div>Genus&nbsp;<i>Falco</i></div>,Animalia::Chordata::Aves::Falconiformes::Falconidae::Falco
c}jf1w$`zf,Chroicocephalus ridibundus,260,"<img src=""Chroicocephalus_ridibundus_image_1.jpg"" />|<img src=""Chroicocephalus_ridibundus_image_2.jpg"" />|<img src=""Chroicocephalus_ridibundus_image_3.jpg"" />|<img src=""Chroicocephalus_ridibundus_image_4.jpg"" />|<img src=""Chroicocephalus_ridibundus_image_5.jpg"" />",,,,,,,,[sound:Chroicocephalus_ridibundus_call_1.mp3],,,,Kingdom Animalia<div>Phylum Chordata</div><div>Class Aves</div><div>Order Charadriiformes</div><div>Family Laridae</div><div>Genus&nbsp;<i>Chroicocephalus</i></div>,Animalia::Chordata::Aves::Charadriiformes::Laridae::Chroicocephalus
hgr-^9d]9.,Hirundo rustica,270,"<img src=""Hirundo_rustica_image_1.jpg"" />|<img src=""Hirundo_rustica_image_2.jpg"" />|<img src=""Hirundo_rustica_image_3.jpg"" />|<img src=""Hirundo_rustica_image_4.jpg"" />|<img src=""Hirundo_rustica_image_5.jpg"" />",,,,,,,[sound:Hirundo_rustica_song_1.mp3],[sound:Hirundo_rustica_call_1.mp3],,,,Kingdom Animalia<div>Phylum Chordata</div><div>Class Aves</div><div>Order Passeriformes</div><div>Family Hirundinidae</div><div>Genus&nbsp;<i>Hirundo</i></div>,Animalia::Chordata::Aves::Passeriformes::Hirundinidae::Hirundo
JYER@pF|%0,Aythya fuligula,280,,"<img src=""Aythya_fuligula_image_male_1.jpg"" />|<img src=""Aythya_fuligula_image_male_2.jpg"" />|<img src=""Aythya_fuligula_image_male_3.jpg"" />|<img src=""Aythya_fuligula_image_male_4.jpg"" />|<img src=""Aythya_fuligula_image_male_5.jpg"" />","<img src=""Aythya_fuligula_image_female_1.jpg"" />|<img src=""Aythya_fuligula_image_female_2.jpg"" />|<img src=""Aythya_fuligula_image_female_3.jpg"" />|<img src=""Aythya_fuligula_image_female_4.jpg"" />|<img src=""Aythya_fuligula_image_female_5.jpg"" />",,,,,,[sound:Aythya_fuligula_call_1.mp3],,,,Kingdom Animalia<div>Phylum Chordata</div><div>Class Aves</div><div>Order Anseriformes</div><div>Family Anatidae</div><div>Genus&nbsp;<i>Aythya</i></div>,Animalia::Chordata::Aves::Anseriformes::Anatidae::Aythya
OLe.Lr*i.f,Emberiza citrinella,290,,"<img src=""Emberiza_citrinella_image_male_1.jpg"" />|<img src=""Emberiza_citrinella_image_male_2.jpg"" />|<img src=""Emberiza_citrinella_image_male_3.jpg"" />|<img src=""Emberiza_citrinella_image_male_4.jpg"" />|<img src=""Emberiza_citrinella_image_male_5.jpg"" />","<img src=""Emberiza_citrinella_image_female_1.jpg"" />|<img src=""Emberiza_citrinella_image_female_2.jpg"" />|<img src=""Emberiza_citrinella_image_female_3.jpg"" />|<img src=""Emberiza_citrinella_image_female_4.jpg"" />|<img src=""Emberiza_citrinella_image_female_5.jpg"" />",,,,,[sound:Emberiza_citrinella_song_1.mp3],[sound:Emberiza_citrinella_call_1.mp3],,,,Kingdom Animalia<div>Phylum Chordata</div><div>Class Aves</div><div>Order Passeriformes</div><div>Family Emberizidae</div><div>Genus <i>Emberiza</i></div>,Animalia::Chordata::Aves::Passeriformes::Emberizidae::Emberiza
LGF/]GcS]2,Columba livia domestica,300,"<img src=""Columba_livia_domestica_image_1.jpg"" />|<img src=""Columba_livia_domestica_image_2.jpg"" />|<img src=""Columba_livia_domestica_image_3.jpg"" />|<img src=""Columba_livia_domestica_image_4.jpg"" />|<img src=""Columba_livia_domestica_image_5.jpg"" />",,,,,,,[sound:Columba_livia_domestica_song_1.mp3],,,,,Kingdom Animalia<div>Phylum Chordata</div><div>Class Aves</div><div>Order Columbiformes</div><div>Family Columbidae</div><div>Genus&nbsp;<i>Columba</i></div>,Animalia::Chordata::Aves::Columbiformes::Columbidae::Columba
NYI8qZmwkf,Turdus philomelos,310,"<img src=""Turdus_philomelos_image_1.jpg"">|<img src=""Turdus_philomelos_image_2.jpg"">|<img src=""Turdus_philomelos_image_3.jpg"">|<img src=""Turdus_philomelos_image_4.jpg"">|<img src=""Turdus_philomelos_image_5.jpg"">",,,,,,,[sound:Turdus_philomelos_song_1.mp3],[sound:Turdus_philomelos_call_1.mp3],,,,Kingdom Animalia<div>Phylum Chordata</div><div>Class Aves</div><div>Order Passeriformes</div><div>Family Turdidae</div><div>Genus&nbsp;<i>Turdus</i></div>,Animalia::Chordata::Aves::Passeriformes::Turdidae::Turdus
odV}`Mo.(d,Alopochen aegyptiaca,320,"<img src=""Alopochen_aegyptiaca_image_1.jpg"" />|<img src=""Alopochen_aegyptiaca_image_2.jpg"" />|<img src=""Alopochen_aegyptiaca_image_3.jpg"" />|<img src=""Alopochen_aegyptiaca_image_4.jpg"" />|<img src=""Alopochen_aegyptiaca_image_5.jpg"" />",,,,,,,,[sound:Alopochen_aegyptiaca_call_1.mp3],,,,Kingdom Animalia<div>Phylum Chordata</div><div>Class Aves</div><div>Order Anseriformes</div><div>Family Anatidae</div><div>Genus&nbsp;<i>Alopochen</i></div>,Animalia::Chordata::Aves::Anseriformes::Anatidae::Alopochen
JID4Q*;U[W,Podiceps cristatus,330,"<img src=""Podiceps_cristatus_image_1.jpg"" />|<img src=""Podiceps_cristatus_image_2.jpg"" />|<img src=""Podiceps_cristatus_image_3.jpg"" />|<img src=""Podiceps_cristatus_image_4.jpg"" />|<img src=""Podiceps_cristatus_image_5.jpg"" />|<img src=""Podiceps_cristatus_image_6.jpg"" />",,,,,,,,[sound:Podiceps_cristatus_call_1.mp3],,,,Kingdom Animalia<div>Phylum Chordata</div><div>Class Aves</div><div>Order Podicipediformes</div><div>Family Podicipedidae</div><div>Genus&nbsp;<i>Podiceps</i></div>,Animalia::Chordata::Aves::Podicipediformes::Podicipedidae::Podiceps
j0uK?![XW*,Phoenicurus ochruros,340,,,,,,,,,,,,,,
"C,Yq$p[LJ%",Turdus pilaris,350,,,,,,,,,,,,,,
p6BYNmytWv,Passer montanus,360,"<img src=""Passer_montanus_image_1.jpg"" />|<img src=""Passer_montanus_image_2.jpg"" />|<img src=""Passer_montanus_image_3.jpg"" />|<img src=""Passer_montanus_image_4.jpg"" />|<img src=""Passer_montanus_image_5.jpg"" />",,,,,,,[sound:Passer_montanus_song_1.mp3],,,,,Kingdom Animalia<div>Phylum Chordata</div><div>Class Aves</div><div>Order Passeriformes</div><div>Family Passeridae</div><div>Genus&nbsp;<i>Passer</i></div>,Animalia::Chordata::Aves::Passeriformes::Passeridae::Passer
Hz:DJa.Fj),Corvus monedula,370,"<img src=""Corvus_monedula_image_1.jpg"" />|<img src=""Corvus_monedula_image_2.jpg"" />|<img src=""Corvus_monedula_image_3.jpg"" />|<img src=""Corvus_monedula_image_4.jpg"" />|<img src=""Corvus_monedula_image_5.jpg"" />",,,,,,,,[sound:Corvus_monedula_call_1.mp3],,,,Kingdom Animalia<div>Phylum Chordata</div><div>Class Aves</div><div>Order Passeriformes</div><div>Family Corvidae</div><div>Genus&nbsp;<i>Corvus</i>&nbsp;or&nbsp;<i>Coloeus</i></div>,Animalia::Chordata::Aves::Passeriformes::Corvidae::Coloeus Animalia::Chordata::Aves::Passeriformes::Corvidae::Corvus
v`SGZwD>~s,Apus apus,380,"<img src=""Apus_apus_image_1.jpg"">|<img src=""Apus_apus_image_2.jpg"">|<img src=""Apus_apus_image_3.jpg"">|<img src=""Apus_apus_image_4.jpg"">|<img src=""Apus_apus_image_5.jpg"">",,,,,,,,[sound:Apus_apus_call_1.mp3],,,,Kingdom Animalia<div>Phylum Chordata</div><div>Class Aves</div><div>Order Apodiformes</div><div>Family Apodidae</div><div>Genus&nbsp;<i>Apus</i></div>,Animalia::Chordata::Aves::Apodiformes::Apodidae::Apus
M6b!~4~IzP,Certhia brachydactyla,390,"<img src=""Certhia_brachydactyla_image_1.jpg"" />|<img src=""Certhia_brachydactyla_image_2.jpg"" />|<img src=""Certhia_brachydactyla_image_3.jpg"" />|<img src=""Certhia_brachydactyla_image_4.jpg"" />|<img src=""Certhia_brachydactyla_image_5.jpg"" />",,,,,,,[sound:Certhia_brachydactyla_song_1.mp3],[sound:Certhia_brachydactyla_call_1.mp3],,,,Kingdom Animalia<div>Phylum Chordata</div><div>Class Aves</div><div>Order Passeriformes</div><div>Family Certhiidae</div><div>Genus&nbsp;<i>Certhia</i></div>,Animalia::Chordata::Aves::Passeriformes::Certhiidae::Certhia
"qKLtY8p0Z,",Gallinula chloropus,400,"<img src=""Gallinula_chloropus_image_1.jpg"" />|<img src=""Gallinula_chloropus_image_2.jpg"" />|<img src=""Gallinula_chloropus_image_3.jpg"" />|<img src=""Gallinula_chloropus_image_4.jpg"" />|<img src=""Gallinula_chloropus_image_5.jpg"" />",,,,,,,,[sound:Gallinula_chloropus_call_1.mp3],,,,Kingdom Animalia<div>Phylum Chordata</div><div>Class Aves</div><div>Order Gruiformes</div><div>Family Rallidae</div><div>Genus&nbsp;<i>Gallinula</i></div>,Animalia::Chordata::Aves::Gruiformes::Rallidae::Gallinula
z9sBz7T|l&,Ardea alba,410,"<img src=""Ardea_alba_image_1.jpg"" />|<img src=""Ardea_alba_image_2.jpg"" />|<img src=""Ardea_alba_image_3.jpg"" />|<img src=""Ardea_alba_image_4.jpg"" />|<img src=""Ardea_alba_image_5.jpg"" />",,,,,,,,[sound:Ardea_alba_call_1.mp3],,,,Kingdom Animalia<div>Phylum Chordata</div><div>Class Aves</div><div>Order Pelecaniformes</div><div>Family Ardeidae</div><div>Genus&nbsp;<i>Ardea</i></div>,Animalia::Chordata::Aves::Pelecaniformes::Ardeidae::Ardea
PE[cr^wO2&,Delichon urbicum,420,"<img src=""Delichon_urbicum_image_1.jpg"" />|<img src=""Delichon_urbicum_image_2.jpg"" />|<img src=""Delichon_urbicum_image_3.jpg"" />|<img src=""Delichon_urbicum_image_4.jpg"" />|<img src=""Delichon_urbicum_image_5.jpg"" />",,,,,,,[sound:Delichon_urbicum_song_1.mp3],[sound:Delichon_urbicum_call_1.mp3],,,,Kingdom Animalia<div>Phylum Chordata</div><div>Class Aves</div><div>Order Passeriformes</div><div>Family Hirundinidae</div><div>Genus&nbsp;<i>Delichon</i></div>,Animalia::Chordata::Aves::Passeriformes::Hirundinidae::Delichon
typa#2u1Qh,Mareca strepera,430,,"<img src=""Anas_strepera_image_male_1.jpg"" />|<img src=""Anas_strepera_image_male_2.jpg"" />|<img src=""Anas_strepera_image_male_3.jpg"" />|<img src=""Anas_strepera_image_male_4.jpg"" />|<img src=""Anas_strepera_image_male_5.jpg"" />","<img src=""Anas_strepera_image_female_1.jpg"" />|<img src=""Anas_strepera_image_female_2.jpg"" />|<img src=""Anas_strepera_image_female_3.jpg"" />|<img src=""Anas_strepera_image_female_4.jpg"" />|<img src=""Anas_strepera_image_female_5.jpg"" />",,,,,,[sound:Anas_strepera_call_1.mp3],,,,Kingdom Animalia<div>Phylum Chordata</div><div>Class Aves</div><div>Order Anseriformes</div><div>Family Anatidae</div><div>Genus&nbsp;<i>Anas</i></div>,Animalia::Chordata::Aves::Anseriformes::Anatidae::Anas
v%OHy%_-zB,Prunella modularis,440,"<img src=""Prunella_modularis_image_1.jpg"" />|<img src=""Prunella_modularis_image_2.jpg"" />|<img src=""Prunella_modularis_image_3.jpg"" />|<img src=""Prunella_modularis_image_4.jpg"" />|<img src=""Prunella_modularis_image_5.jpg"" />",,,,,,,[sound:Prunella_modularis_song_1.mp3],,,,,Kingdom Animalia<div>Phylum Chordata</div><div>Class Aves</div><div>Order Passeriformes</div><div>Family Prunellidae</div><div>Genus&nbsp;<i>Prunella</i></div>,Animalia::Chordata::Aves::Passeriformes::Prunellidae::Prunella
o!f.FBvfHA,Aegithalos caudatus,450,"<img src=""Aegithalos_caudatus_image_1.jpg"" />|<img src=""Aegithalos_caudatus_image_2.jpg"" />|<img src=""Aegithalos_caudatus_image_3.jpg"" />|<img src=""Aegithalos_caudatus_image_4.jpg"" />|<img src=""Aegithalos_caudatus_image_5.jpg"" />",,,,,,,[sound:Aegithalos_caudatus_song_1.mp3],[sound:Aegithalos_caudatus_call_1.mp3],,,,Kingdom Animalia<div>Phylum Chordata</div><div>Class Aves</div><div>Order Passeriformes</div><div>Family Aegithalidae</div><div>Genus&nbsp;<i>Aegithalos</i></div>,Animalia::Chordata::Aves::Passeriformes::Aegithalidae::Aegithalos
qzS5o&2Uv*,Alauda arvensis,460,"<img src=""Alauda_arvensis_image_1.jpg"">|<img src=""Alauda_arvensis_image_2.jpg"">|<img src=""Alauda_arvensis_image_3.jpg"">|<img src=""Alauda_arvensis_image_4.jpg"">|<img src=""Alauda_arvensis_image_5.jpg"">",,,,,,,[sound:Alauda_arvensis_song_1.mp3],[sound:Alauda_arvensis_call_1.mp3],,,,Kingdom Animalia<div>Phylum Chordata</div><div>Class Aves</div><div>Order Passeriformes</div><div>Family Alaudidae</div><div>Genus&nbsp;<i>Alauda</i></div>,Animalia::Chordata::Aves::Passeriformes::Alaudidae::Alauda
nSi;:Xrz)a,Branta canadensis,470,"<img src=""Branta_canadensis_image_1.jpg"" />|<img src=""Branta_canadensis_image_2.jpg"" />|<img src=""Branta_canadensis_image_3.jpg"" />|<img src=""Branta_canadensis_image_4.jpg"" />|<img src=""Branta_canadensis_image_5.jpg"" />",,,,,,,,[sound:Branta_canadensis_call_1.mp3],,,,Kingdom Animalia<div>Phylum Chordata</div><div>Class Aves</div><div>Order Anseriformes</div><div>Family Anatidae</div><div>Genus&nbsp;<i>Branta</i></div>,Animalia::Chordata::Aves::Anseriformes::Anatidae::Branta
q_`=.}_KTy,Streptopelia decaocto,480,"<img src=""Streptopelia_decaocto_image_1.jpg"" />|<img src=""Streptopelia_decaocto_image_2.jpg"" />|<img src=""Streptopelia_decaocto_image_3.jpg"" />|<img src=""Streptopelia_decaocto_image_4.jpg"" />|<img src=""Streptopelia_decaocto_image_5.jpg"" />",,,,,,,[sound:Streptopelia_decaocto_song_1.mp3],[sound:Streptopelia_decaocto_call_1.mp3],,,,Kingdom Animalia<div>Phylum Chordata</div><div>Class Aves</div><div>Order Columbiformes</div><div>Family Columbidae</div><div>Genus&nbsp;<i>Streptopelia</i></div>,Animalia::Chordata::Aves::Columbiformes::Columbidae::Streptopelia
cPPYDPZ2+f,Poecile palustris,490,"<img src=""Poecile_palustris_image_1.jpg"" />|<img src=""Poecile_palustris_image_2.jpg"" />|<img src=""Poecile_palustris_image_3.jpg"" />|<img src=""Poecile_palustris_image_4.jpg"" />|<img src=""Poecile_palustris_image_5.jpg"" />",,,,,,,[sound:Poecile_palustris_song_1.mp3],[sound:Poecile_palustris_call_1.mp3],,,,Kingdom Animalia<div>Phylum Chordata</div><div>Class Aves</div><div>Order Passeriformes</div><div>Family Paridae</div><div>Genus&nbsp;<i>Poecile</i></div>,Animalia::Chordata::Aves::Passeriformes::Paridae::Poecile
c<:&o<]8H7,Tachybaptus ruficollis,500,"<img src=""Tachybaptus_ruficollis_image_1.jpg"">|<img src=""Tachybaptus_ruficollis_image_2.jpg"">|<img src=""Tachybaptus_ruficollis_image_3.jpg"">|<img src=""Tachybaptus_ruficollis_image_4.jpg"">|<img src=""Tachybaptus_ruficollis_image_5.jpg"">",,,,,,,,[sound:Tachybaptus_ruficollis_call_1.mp3],,,,Kingdom Animalia<div>Phylum Chordata</div><div>Class Aves</div><div>Order Podicipediformes</div><div>Family Podicipedidae</div><div>Genus&nbsp;<i>Tachybaptus</i></div>,Animalia::Chordata::Aves::Podicipediformes::Podicipedidae::Tachybaptus
zYtSx]Hzv&,Milvus milvus,510,,,,,,,,,,,,,,
s7FZo$@mOd,Pyrrhula pyrrhula,520,,"<img src=""Pyrrhula_pyrrhula_image_male_1.jpg"" />|<img src=""Pyrrhula_pyrrhula_image_male_2.jpg"" />","<img src=""Pyrrhula_pyrrhula_image_female_1.jpg"">|<img src=""Pyrrhula_pyrrhula_image_female_2.jpg"">",,,,,[sound:Pyrrhula_pyrrhula_song_1.mp3],[sound:Pyrrhula_pyrrhula_call_1.mp3],,,,Kingdom Animalia<div>Phylum Chordata</div><div>Class Aves</div><div>Order Passeriformes</div><div>Family Fringillidae</div><div>Genus&nbsp;<i>Pyrrhula</i></div>,Animalia::Chordata::Aves::Passeriformes::Fringillidae::Carduelis Animalia::Chordata::Aves::Passeriformes::Fringillidae::Pyrrhula
rq2+p!_0R1,Vanellus vanellus,530,,"<img src=""Vanellus_vanellus_image_male_1.jpg"" />|<img src=""Vanellus_vanellus_image_male_2.jpg"" />|<img src=""Vanellus_vanellus_image_male_3.jpg"" />|<img src=""Vanellus_vanellus_image_male_4.jpg"" />|<img src=""Vanellus_vanellus_image_male_5.jpg"" />","<img src=""Vanellus_vanellus_image_female_1.jpg"" />|<img src=""Vanellus_vanellus_image_female_2.jpg"" />|<img src=""Vanellus_vanellus_image_female_3.jpg"" />|<img src=""Vanellus_vanellus_image_female_4.jpg"" />|<img src=""Vanellus_vanellus_image_female_5.jpg"" />",,,,,[sound:Vanellus_vanellus_song_1.mp3],[sound:Vanellus_vanellus_call_1.mp3],,,,Kingdom Animalia<div>Phylum Chordata</div><div>Class Aves</div><div>Order Charadriiformes</div><div>Family Charadriidae</div><div>Genus&nbsp;<i>Vanellus</i></div>,Animalia::Chordata::Aves::Charadriiformes::Charadriidae::Vanellus
A!bfQu.zZe,Anas crecca,540,,"<img src=""Anas_crecca_image_male_1.jpg"" />|<img src=""Anas_crecca_image_male_2.jpg"" />|<img src=""Anas_crecca_image_male_3.jpg"" />|<img src=""Anas_crecca_image_male_4.jpg"" />|<img src=""Anas_crecca_image_male_5.jpg"" />","<img src=""Anas_crecca_image_female_1.jpg"" />|<img src=""Anas_crecca_image_female_2.jpg"" />|<img src=""Anas_crecca_image_female_3.jpg"" />|<img src=""Anas_crecca_image_female_4.jpg"" />|<img src=""Anas_crecca_image_female_5.jpg"" />",,,,,,[sound:Anas_crecca_call_1.mp3],,,,Kingdom Animalia<div>Phylum Chordata</div><div>Class Aves</div><div>Order Anseriformes</div><div>Family Anatidae</div><div>Genus&nbsp;<i>Anas</i></div>,Animalia::Chordata::Aves::Anseriformes::Anatidae::Anas
OY.]}^s(&k,Emberiza schoeniclus,550,,"<img src=""Emberiza_schoeniclus_image_male_1.jpg"" />|<img src=""Emberiza_schoeniclus_image_male_2.jpg"" />|<img src=""Emberiza_schoeniclus_image_male_3.jpg"" />|<img src=""Emberiza_schoeniclus_image_male_4.jpg"" />|<img src=""Emberiza_schoeniclus_image_male_5.jpg"" />","<img src=""Emberiza_schoeniclus_image_female_1.jpg"" />|<img src=""Emberiza_schoeniclus_image_female_2.jpg"" />|<img src=""Emberiza_schoeniclus_image_female_3.jpg"" />|<img src=""Emberiza_schoeniclus_image_female_4.jpg"" />|<img src=""Emberiza_schoeniclus_image_female_5.jpg"" />",,,,,[sound:Emberiza_schoeniclus_song_1.mp3],[sound:Emberiza_schoeniclus_call_1.mp3],,,,Kingdom Animalia<div>Phylum Chordata</div><div>Class Aves</div><div>Order Passeriformes</div><div>Family Emberizidae</div><div>Genus&nbsp;<i>Emberiza</i></div>,Animalia::Chordata::Aves::Passeriformes::Emberizidae::Emberiza
u|5$M;tM}S,Aythya ferina,560,,"<img src=""Aythya_ferina_image_male_1.jpg"" />|<img src=""Aythya_ferina_image_male_2.jpg"" />|<img src=""Aythya_ferina_image_male_3.jpg"" />|<img src=""Aythya_ferina_image_male_4.jpg"" />|<img src=""Aythya_ferina_image_male_5.jpg"" />","<img src=""Aythya_ferina_image_female_1.jpg"" />|<img src=""Aythya_ferina_image_female_2.jpg"" />|<img src=""Aythya_ferina_image_female_3.jpg"" />|<img src=""Aythya_ferina_image_female_4.jpg"" />|<img src=""Aythya_ferina_image_female_5.jpg"" />",,,,,,[sound:Aythya_ferina_call_1.mp3],,,,Kingdom Animalia<div>Phylum Chordata</div><div>Class Aves</div><div>Order Anseriformes</div><div>Family Anatidae</div><div>Genus <i>Aythya</i></div>,Animalia::Chordata::Aves::Anseriformes::Anatidae::Aythya
v=)ZoE+?0B,Corvus cornix,570,"<img src=""Corvus_cornix_image_1.jpg"" />|<img src=""Corvus_cornix_image_2.jpg"" />|<img src=""Corvus_cornix_image_3.jpg"" />|<img src=""Corvus_cornix_image_4.jpg"" />|<img src=""Corvus_cornix_image_5.jpg"" />",,,,,,,,[sound:Corvus_cornix_call_1.mp3],,,,Kingdom Animalia<div>Phylum Chordata</div><div>Class Aves</div><div>Order Passeriformes</div><div>Family Corvidae</div><div>Genus&nbsp;<i>Corvus</i></div>,Animalia::Chordata::Aves::Passeriformes::Corvidae::Corvus
vMnT&PDRsB,Corvus corax,580,"<img src=""Corvus_corax_image_1.jpg"" />|<img src=""Corvus_corax_image_2.jpg"" />|<img src=""Corvus_corax_image_3.jpg"" />|<img src=""Corvus_corax_image_4.jpg"" />|<img src=""Corvus_corax_image_5.jpg"" />",,,,,,,,[sound:Corvus_corax_call_1.mp3],,,,Kingdom Animalia<div>Phylum Chordata</div><div>Class Aves</div><div>Order Passeriformes</div><div>Family Corvidae</div><div>Genus&nbsp;<i>Corvus</i></div>,Animalia::Chordata::Aves::Passeriformes::Corvidae::Corvus
t<+GhvD&7*,Regulus regulus,590,,"<img src=""Regulus_regulus_image_male_1.jpg"">|<img src=""Regulus_regulus_image_male_2.jpg"">|<img src=""Regulus_regulus_image_male_3.jpg"">|<img src=""Regulus_regulus_image_male_4.jpg"">","<img src=""Regulus_regulus_image_female_1.jpg"">|<img src=""Regulus_regulus_image_female_2.jpg"">|<img src=""Regulus_regulus_image_female_3.jpg"">|<img src=""Regulus_regulus_image_female_4.jpg"">|<img src=""Regulus_regulus_image_female_5.jpg"">",,,,,[sound:Regulus_regulus_song_1.mp3],[sound:Regulus_regulus_call_1.mp3],,,,Kingdom Animalia<div>Phylum Chordata</div><div>Class Aves</div><div>Order Passeriformes</div><div>Family Regulidae</div><div>Genus&nbsp;<i>Regulus</i></div>,Animalia::Chordata::Aves::Passeriformes::Regulidae::Regulus
"bJp5,F~x7U",Spinus spinus,600,,"<img src=""Spinus_spinus_image_male_1.jpg"" />|<img src=""Spinus_spinus_image_male_2.jpg"" />|<img src=""Spinus_spinus_image_male_3.jpg"" />|<img src=""Spinus_spinus_image_male_4.jpg"" />|<img src=""Spinus_spinus_image_male_5.jpg"" />","<img src=""Spinus_spinus_image_female_1.jpg"" />|<img src=""Spinus_spinus_image_female_2.jpg"" />|<img src=""Spinus_spinus_image_female_3.jpg"" />|<img src=""Spinus_spinus_image_female_4.jpg"" />|<img src=""Spinus_spinus_image_female_5.jpg"" />",,,,,[sound:Spinus_spinus_song_1.mp3],[sound:Spinus_spinus_call_1.mp3],,,,Kingdom Animalia<div>Phylum Chordata</div><div>Class Aves</div><div>Order Passeriformes</div><div>Family Fringillidae</div><div>Genus <i>Spinus</i>&nbsp;/ <i>Carduelis</i></div>,Animalia::Chordata::Aves::Passeriformes::Fringillidae::Carduelis Animalia::Chordata::Aves::Passeriformes::Fringillidae::Spinus
MJsBDc/Rh},Phylloscopus trochilus,610,"<img src=""Phylloscopus_trochilus_image_1.jpg"" />|<img src=""Phylloscopus_trochilus_image_2.jpg"" />|<img src=""Phylloscopus_trochilus_image_3.jpg"" />|<img src=""Phylloscopus_trochilus_image_4.jpg"" />|<img src=""Phylloscopus_trochilus_image_5.jpg"" />",,,,,,,[sound:Phylloscopus_trochilus_song_1.mp3],[sound:Phylloscopus_trochilus_call_1.mp3],,,,Kingdom Animalia<div>Phylum Chordata</div><div>Class Aves</div><div>Order Passeriformes</div><div>Family Phylloscopidae</div><div>Genus&nbsp;<i>Phylloscopus</i></div>,Animalia::Chordata::Aves::Passeriformes::Phylloscopidae::Phylloscopus
gs/mFdK#Y1,Alcedo atthis,620,,"<img src=""Alcedo_atthis_image_male_1.jpg"" />|<img src=""Alcedo_atthis_image_male_2.jpg"" />|<img src=""Alcedo_atthis_image_male_3.jpg"" />|<img src=""Alcedo_atthis_image_male_4.jpg"" />|<img src=""Alcedo_atthis_image_male_5.jpg"" />","<img src=""Alcedo_atthis_image_female_1.jpg"" />|<img src=""Alcedo_atthis_image_female_2.jpg"" />|<img src=""Alcedo_atthis_image_female_3.jpg"" />|<img src=""Alcedo_atthis_image_female_4.jpg"" />|<img src=""Alcedo_atthis_image_female_5.jpg"" />",,,,,[sound:Alcedo_atthis_song_1.mp3],[sound:Alcedo_atthis_call_1.mp3],,,,Kingdom Animalia<div>Phylum Chordata</div><div>Class Aves</div><div>Order Coraciiformes</div><div>Family Alcedinidae</div><div>Genus&nbsp;<i>Alcedo</i></div>,Animalia::Chordata::Aves::Coraciiformes::Alcedinidae::Alcedo
P6B2k+-?Y2,Larus argentatus,630,"<img src=""Larus_argentatus_image_1.jpg"" />|<img src=""Larus_argentatus_image_2.jpg"" />|<img src=""Larus_argentatus_image_3.jpg"" />|<img src=""Larus_argentatus_image_4.jpg"" />|<img src=""Larus_argentatus_image_5.jpg"" />",,,,,,,,[sound:Larus_argentatus_call_1.mp3],,,,Kingdom Animalia<div>Phylum Chordata</div><div>Class Aves</div><div>Order Charadriiformes</div><div>Family Laridae</div><div>Genus&nbsp;<i>Larus</i></div>,Animalia::Chordata::Aves::Charadriiformes::Laridae::Larus
dxAnc7+5I,Ciconia ciconia,640,,,,,,,,,,,,,,
D6VorEP&!x,Coccothraustes coccothraustes,650,,"<img src=""Coccothraustes_coccothraustes_image_male_1.jpg"" />|<img src=""Coccothraustes_coccothraustes_image_male_2.jpg"" />|<img src=""Coccothraustes_coccothraustes_image_male_3.jpg"" />|<img src=""Coccothraustes_coccothraustes_image_male_4.jpg"" />|<img src=""Coccothraustes_coccothraustes_image_male_5.jpg"" />","<img src=""Coccothraustes_coccothraustes_image_female_1.jpg"" />|<img src=""Coccothraustes_coccothraustes_image_female_2.jpg"" />|<img src=""Coccothraustes_coccothraustes_image_female_3.jpg"" />|<img src=""Coccothraustes_coccothraustes_image_female_4.jpg"" />|<img src=""Coccothraustes_coccothraustes_image_female_5.jpg"" />",,,,,[sound:Coccothraustes_coccothraustes_song_1.mp3],[sound:Coccothraustes_coccothraustes_call_1.mp3],,,,Kingdom Animalia<div>Phylum Chordata</div><div>Class Aves</div><div>Order Passeriformes</div><div>Family Fringillidae</div><div>Genus <i>Coccothraustes</i></div>,Animalia::Chordata::Aves::Passeriformes::Fringillidae::Coccothraustes
AimVTiUd0d,Linaria cannabina,660,,"<img src=""Linaria_cannabina_image_male_1.jpg"">|<img src=""Linaria_cannabina_image_male_2.jpg"">|<img src=""Linaria_cannabina_image_male_3.jpg"">|<img src=""Linaria_cannabina_image_male_4.jpg"">|<img src=""Linaria_cannabina_image_male_5.jpg"">","<img src=""Linaria_cannabina_image_female_1.jpg"">|<img src=""Linaria_cannabina_image_female_2.jpg"">|<img src=""Linaria_cannabina_image_female_3.jpg"">|<img src=""Linaria_cannabina_image_female_4.jpg"">|<img src=""Linaria_cannabina_image_female_5.jpg"">",,,,,[sound:Linaria_cannabina_song_1.mp3],[sound:Linaria_cannabina_call_1.mp3],,,,Kingdom Animalia<div>Phylum Chordata</div><div>Class Aves</div><div>Order Passeriformes</div><div>Family Fringillidae</div><div>Genus&nbsp;<i>Linaria</i>&nbsp;or <i>Carduelis</i></div>,Animalia::Chordata::Aves::Passeriformes::Fringillidae::Carduelis Animalia::Chordata::Aves::Passeriformes::Fringillidae::Linaria
iW3PUPwzR/,Cuculus canorus,670,,"<img src=""Cuculus_canorus_image_male_1.jpg"" />|<img src=""Cuculus_canorus_image_male_2.jpg"" />|<img src=""Cuculus_canorus_image_male_3.jpg"" />|<img src=""Cuculus_canorus_image_male_4.jpg"" />|<img src=""Cuculus_canorus_image_male_5.jpg"" />","<img src=""Cuculus_canorus_image_female_1.jpg"" />|<img src=""Cuculus_canorus_image_female_2.jpg"" />|<img src=""Cuculus_canorus_image_female_3.jpg"" />|<img src=""Cuculus_canorus_image_female_4.jpg"" />|<img src=""Cuculus_canorus_image_female_5.jpg"" />",,,,,[sound:Cuculus_canorus_song_1.mp3],[sound:Cuculus_canorus_call_1.mp3],,,,Kingdom Animalia<div>Phylum Chordata</div><div>Class Aves</div><div>Order Cuculiformes</div><div>Family Cuculidae</div><div>Genus <i>Cuculus</i></div>,Animalia::Chordata::Aves::Cuculiformes::Cuculidae::Cuculus
d0pLmfTeA0,Phasianus colchicus,680,,"<img src=""Phasianus_colchicus_image_male_1.jpg"" />|<img src=""Phasianus_colchicus_image_male_2.jpg"" />|<img src=""Phasianus_colchicus_image_male_3.jpg"" />|<img src=""Phasianus_colchicus_image_male_4.jpg"" />|<img src=""Phasianus_colchicus_image_male_5.jpg"" />","<img src=""Phasianus_colchicus_image_female_1.jpg"" />|<img src=""Phasianus_colchicus_image_female_2.jpg"" />|<img src=""Phasianus_colchicus_image_female_3.jpg"" />|<img src=""Phasianus_colchicus_image_female_4.jpg"" />|<img src=""Phasianus_colchicus_image_female_5.jpg"" />",,,,,[sound:Phasianus_colchicus_song_1.mp3],,,,,Kingdom Animalia<div>Phylum Chordata</div><div>Class Aves</div><div>Order Galliformes</div><div>Family Phasianidae</div><div>Genus&nbsp;<i>Phasianus</i></div>,Animalia::Chordata::Aves::Galliformes::Phasianidae::Phasianus
L.[sEUTmSd,Corvus frugilegus,690,"<img src=""Corvus_frugilegus_image_1.jpg"" />|<img src=""Corvus_frugilegus_image_2.jpg"" />|<img src=""Corvus_frugilegus_image_3.jpg"" />|<img src=""Corvus_frugilegus_image_4.jpg"" />|<img src=""Corvus_frugilegus_image_5.jpg"" />",,,,,,,,[sound:Corvus_frugilegus_call_1.mp3],,,,Kingdom Animalia<div>Phylum Chordata</div><div>Class Aves</div><div>Order Passeriformes</div><div>Family Corvidae</div><div>Genus&nbsp;<i>Corvus</i></div>,Animalia::Chordata::Aves::Passeriformes::Corvidae::Corvus
F4$D%=(J@n,Accipiter nisus,700,,"<img src=""Accipiter_nisus_image_male_1.jpg"" />|<img src=""Accipiter_nisus_image_male_2.jpg"" />|<img src=""Accipiter_nisus_image_male_3.jpg"" />|<img src=""Accipiter_nisus_image_male_4.jpg"" />|<img src=""Accipiter_nisus_image_male_5.jpg"" />","<img src=""Accipiter_nisus_image_female_1.jpg"" />|<img src=""Accipiter_nisus_image_female_2.jpg"" />|<img src=""Accipiter_nisus_image_female_3.jpg"" />|<img src=""Accipiter_nisus_image_female_4.jpg"" />|<img src=""Accipiter_nisus_image_female_5.jpg"" />",,"""<img src=""Accipiter_nisus_image_silh_1.jpg"" />|<img src=""Accipiter_nisus_image_silh_2.jpg"" />|<img src=""Accipiter_nisus_image_silh_3.jpg"" />""",,,,[sound:Accipiter_nisus_call_1.mp3],,,,Kingdom Animalia<div>Phylum Chordata</div><div>Class Aves</div><div>Order Accipitriformes</div><div>Family Accipitridae</div><div>Genus&nbsp;<i>Accipiter</i></div>,Animalia::Chordata::Aves::Accipitriformes::Accipitridae::Accipiter
ws0$s|^i`=,Mergus merganser,710,,,,,,,,,,,,,,
y}iG+K2gNG,Spatula clypeata,720,,"<img src=""Anas_clypeata_image_male_1.jpg"" />|<img src=""Anas_clypeata_image_male_2.jpg"" />|<img src=""Anas_clypeata_image_male_3.jpg"" />|<img src=""Anas_clypeata_image_male_4.jpg"" />|<img src=""Anas_clypeata_image_male_5.jpg"" />","<img src=""Anas_clypeata_image_female_1.jpg"" />|<img src=""Anas_clypeata_image_female_2.jpg"" />|<img src=""Anas_clypeata_image_female_3.jpg"" />|<img src=""Anas_clypeata_image_female_4.jpg"" />|<img src=""Anas_clypeata_image_female_5.jpg"" />",,,,,,[sound:Anas_clypeata_call_1.mp3],,,,Kingdom Animalia<div>Phylum Chordata</div><div>Class Aves</div><div>Order Anseriformes</div><div>Family Anatidae</div><div>Genus&nbsp;<i>Anas</i></div>,Animalia::Chordata::Aves::Anseriformes::Anatidae::Anas
"z.&s,t)zfr",Periparus ater,730,,,,,,,,,,,,,,
vO^f-@{{Y<,Curruca communis,740,,"<img src=""Sylvia_communis_image_male_1.jpg"">|<img src=""Sylvia_communis_image_male_2.jpg"">|<img src=""Sylvia_communis_image_male_3.jpg"">|<img src=""Sylvia_communis_image_male_4.jpg"">|<img src=""Sylvia_communis_image_male_5.jpg"">","<img src=""Sylvia_communis_image_female_1.jpg"">|<img src=""Sylvia_communis_image_female_2.jpg"">|<img src=""Sylvia_communis_image_female_3.jpg"">|<img src=""Sylvia_communis_image_female_4.jpg"">|<img src=""Sylvia_communis_image_female_5.jpg"">",,,,,[sound:Sylvia_communis_song_1.mp3],[sound:Sylvia_communis_call_1.mp3],,,,Kingdom Animalia<div>Phylum Chordata</div><div>Class Aves</div><div>Order Passeriformes</div><div>Family Sylviidae</div><div>Genus&nbsp;<i>Sylvia</i> or <i>Curruca</i></div>,Animalia::Chordata::Aves::Passeriformes::Sylviidae::Curruca Animalia::Chordata::Aves::Passeriformes::Sylviidae::Sylvia
bj$z5&[j!0,Turdus viscivorus,750,"<img src=""Turdus_viscivorus_image_1.jpg"" />|<img src=""Turdus_viscivorus_image_2.jpg"" />|<img src=""Turdus_viscivorus_image_3.jpg"" />|<img src=""Turdus_viscivorus_image_4.jpg"" />|<img src=""Turdus_viscivorus_image_5.jpg"" />",,,,,,,[sound:Turdus_viscivorus_song_1.mp3],[sound:Turdus_viscivorus_call_1.mp3],,,,Kingdom Animalia<div>Phylum Chordata</div><div>Class Aves</div><div>Order Passeriformes</div><div>Family Turdidae</div><div>Genus&nbsp;<i>Turdus</i></div>,Animalia::Chordata::Aves::Passeriformes::Turdidae::Turdus
L>nA[{K3dF,Mareca penelope,760,,"<img src=""Anas_penelope_image_male_1.jpg"" />|<img src=""Anas_penelope_image_male_2.jpg"" />|<img src=""Anas_penelope_image_male_3.jpg"" />|<img src=""Anas_penelope_image_male_4.jpg"" />|<img src=""Anas_penelope_image_male_5.jpg"" />","<img src=""Anas_penelope_image_female_1.jpg"" />|<img src=""Anas_penelope_image_female_2.jpg"" />|<img src=""Anas_penelope_image_female_3.jpg"" />|<img src=""Anas_penelope_image_female_4.jpg"" />|<img src=""Anas_penelope_image_female_5.jpg"" />",,,,,,[sound:Anas_penelope_call_1.mp3],,,,Kingdom Animalia<div>Phylum Chordata</div><div>Class Aves</div><div>Order Anseriformes</div><div>Family Anatidae</div><div>Genus&nbsp;<i>Anas</i></div>,Animalia::Chordata::Aves::Anseriformes::Anatidae::Anas
vG6t>4<lFq,Motacilla flava,770,,"<img src=""Motacilla_flava_image_male_1.jpg"">|<img src=""Motacilla_flava_image_male_2.jpg"">|<img src=""Motacilla_flava_image_male_3.jpg"">|<img src=""Motacilla_flava_image_male_4.jpg"">|<img src=""Motacilla_flava_image_male_5.jpg"">","<img src=""Motacilla_flava_image_female_1.jpg"">|<img src=""Motacilla_flava_image_female_2.jpg"">|<img src=""Motacilla_flava_image_female_3.jpg"">|<img src=""Motacilla_flava_image_female_4.jpg"">|<img src=""Motacilla_flava_image_female_5.jpg"">",,,,,[sound:Motacilla_flava_song_1.mp3],[sound:Motacilla_flava_call_1.mp3],,,,Kingdom Animalia<div>Phylum Chordata</div><div>Class Aves</div><div>Order Passeriformes</div><div>Family Motacillidae</div><div>Genus&nbsp;<i>Motacilla</i></div>,Animalia::Chordata::Aves::Passeriformes::Motacillidae::Motacilla
OP^j|36]Gc,Anthus pratensis,780,"<img src=""Anthus_pratensis_image_1.jpg"">|<img src=""Anthus_pratensis_image_2.jpg"">|<img src=""Anthus_pratensis_image_3.jpg"">|<img src=""Anthus_pratensis_image_4.jpg"">|<img src=""Anthus_pratensis_image_5.jpg"">",,,,,,,[sound:Anthus_pratensis_song_1.mp3],[sound:Anthus_pratensis_call_1.mp3],,,,Kingdom Animalia<div>Phylum Chordata</div><div>Class Aves</div><div>Order Passeriformes</div><div>Family Motacillidae</div><div>Genus&nbsp;<i>Anthus</i></div>,Animalia::Chordata::Aves::Passeriformes::Motacillidae::Anthus
x=~Q#=$w6V,Larus canus,790,"<img src=""Larus_canus_image_1.jpg"" />|<img src=""Larus_canus_image_2.jpg"" />|<img src=""Larus_canus_image_3.jpg"" />|<img src=""Larus_canus_image_4.jpg"" />|<img src=""Larus_canus_image_5.jpg"" />",,,,,,,,[sound:Larus_canus_call_1.mp3],,,,Kingdom Animalia<div>Phylum Chordata</div><div>Class Aves</div><div>Order Charadriiformes</div><div>Family Laridae</div><div>Genus&nbsp;<i>Larus</i></div>,Animalia::Chordata::Aves::Charadriiformes::Laridae::Larus
b<u/&0V3wJ,Acrocephalus scirpaceus,800,"<img src=""Acrocephalus_scirpaceus_image_1.jpg"" />|<img src=""Acrocephalus_scirpaceus_image_2.jpg"" />|<img src=""Acrocephalus_scirpaceus_image_3.jpg"" />|<img src=""Acrocephalus_scirpaceus_image_4.jpg"" />|<img src=""Acrocephalus_scirpaceus_image_5.jpg"" />",,,,,,,[sound:Acrocephalus_scirpaceus_song_1.mp3],[sound:Acrocephalus_scirpaceus_call_1.mp3],,,,Kingdom Animalia<div>Phylum Chordata</div><div>Class Aves</div><div>Order Passeriformes</div><div>Family Acrocephalidae</div><div>Genus&nbsp;<i>Acrocephalus</i></div>,Animalia::Chordata::Aves::Passeriformes::Acrocephalidae::Acrocephalus
"H@|NG,q7X|",Motacilla cinerea,810,,,,,,,,,,,,,,
e#gFiqA{;p,Bucephala clangula,820,,,,,,,,,,,,,,
xi={6#Ys[],Circus aeruginosus,830,,"<img src=""Circus_aeruginosus_image_male_1.jpg"" />|<img src=""Circus_aeruginosus_image_male_2.jpg"" />|<img src=""Circus_aeruginosus_image_male_3.jpg"" />|<img src=""Circus_aeruginosus_image_male_4.jpg"" />|<img src=""Circus_aeruginosus_image_male_5.jpg"" />","<img src=""Circus_aeruginosus_image_female_1.jpg"" />|<img src=""Circus_aeruginosus_image_female_2.jpg"" />|<img src=""Circus_aeruginosus_image_female_3.jpg"" />|<img src=""Circus_aeruginosus_image_female_4.jpg"" />|<img src=""Circus_aeruginosus_image_female_5.jpg"" />",,"""<img src=""Circus_aeruginosus_image_silh_1.jpg"" />|<img src=""Circus_aeruginosus_image_silh_2.jpg"" />|<img src=""Circus_aeruginosus_image_silh_3.jpg"" />""",,,,[sound:Circus_aeruginosus_call_1.mp3],,,,Kingdom Animalia<div>Phylum Chordata</div><div>Class Aves</div><div>Order Accipitriformes</div><div>Family Accipitridae</div><div>Genus&nbsp;<i>Circus</i></div>,Animalia::Chordata::Aves::Accipitriformes::Accipitridae::Circus
qG-DOy;ua2,Larus michahellis,840,,,,,,,,,,,,,,
"F,9e*j>-?R",Milvus migrans,850,,,,,,,,,,,,,,
M3MhCC?o*U,Grus grus,860,,,,,,,,,,,,,,
PCc<dXUR/+,Sylvia borin,880,"<img src=""Sylvia_borin_image_1.jpg"">|<img src=""Sylvia_borin_image_2.jpg"">|<img src=""Sylvia_borin_image_3.jpg"">|<img src=""Sylvia_borin_image_4.jpg"">|<img src=""Sylvia_borin_image_5.jpg"">",,,,,,,[sound:Sylvia_borin_song_1.mp3],[sound:Sylvia_borin_call_1.mp3],,,,Kingdom Animalia<div>Phylum Chordata</div><div>Class Aves</div><div>Order Passeriformes</div><div>Family Sylviidae</div><div>Genus&nbsp;<i>Sylvia</i></div>,Animalia::Chordata::Aves::Passeriformes::Sylviidae::Sylvia
bmh|@>N`Ew,Dryocopus martius,980,,"<img src=""Dryocopus_martius_image_male_1.jpg"" />|<img src=""Dryocopus_martius_image_male_2.jpg"" />|<img src=""Dryocopus_martius_image_male_3.jpg"" />|<img src=""Dryocopus_martius_image_male_4.jpg"" />|<img src=""Dryocopus_martius_image_male_5.jpg"" />","<img src=""Dryocopus_martius_image_female_1.jpg"" />|<img src=""Dryocopus_martius_image_female_2.jpg"" />|<img src=""Dryocopus_martius_image_female_3.jpg"" />|<img src=""Dryocopus_martius_image_female_4.jpg"" />|<img src=""Dryocopus_martius_image_female_5.jpg"" />",,,,,[sound:Dryocopus_martius_song_1.mp3],[sound:Dryocopus_martius_call_1.mp3],,,,Kingdom Animalia<div>Phylum Chordata</div><div>Class Aves</div><div>Order Piciformes</div><div>Family Picidae</div><div>Genus&nbsp;<i>Dryocopus</i></div>,Animalia::Chordata::Aves::Piciformes::Picidae::Dryocopus
i~.BCFtrhv,Picus viridis,1.001,,"<img src=""Picus_viridis_image_male_1.jpg"" />|<img src=""Picus_viridis_image_male_2.jpg"" />|<img src=""Picus_viridis_image_male_3.jpg"" />|<img src=""Picus_viridis_image_male_4.jpg"" />|<img src=""Picus_viridis_image_male_5.jpg"" />","<img src=""Picus_viridis_image_female_1.jpg"" />|<img src=""Picus_viridis_image_female_2.jpg"" />|<img src=""Picus_viridis_image_female_3.jpg"" />|<img src=""Picus_viridis_image_female_4.jpg"" />|<img src=""Picus_viridis_image_female_5.jpg"" />",,,,,[sound:Picus_viridis_song_1.mp3],[sound:Picus_viridis_call_1.mp3],,,,Kingdom Animalia<div>Phylum Chordata</div><div>Class Aves</div><div>Order Piciformes</div><div>Family Picidae</div><div>Genus&nbsp;<i>Picus</i></div>,Animalia::Chordata::Aves::Piciformes::Picidae::Picus
kVEP%Ia@nV,Anser albifrons,1.020,"<img src=""Anser_albifrons_image_1.jpg"" />|<img src=""Anser_albifrons_image_2.jpg"" />|<img src=""Anser_albifrons_image_3.jpg"" />|<img src=""Anser_albifrons_image_4.jpg"" />|<img src=""Anser_albifrons_image_5.jpg"" />",,,,,,,,[sound:Anser_albifrons_call_1.mp3],,,,Kingdom Animalia<div>Phylum Chordata</div><div>Class Aves</div><div>Order Anseriformes</div><div>Family Anatidae</div><div>Genus&nbsp;<i>Anser</i></div>,Animalia::Chordata::Aves::Anseriformes::Anatidae::Anser
q2mea?+~Mn,Numenius arquata,1.030,"<img src=""Numenius_arquata_image_1.jpg"" />|<img src=""Numenius_arquata_image_2.jpg"" />|<img src=""Numenius_arquata_image_3.jpg"" />|<img src=""Numenius_arquata_image_4.jpg"" />|<img src=""Numenius_arquata_image_5.jpg"" />",,,,,,,[sound:Numenius_arquata_song_1.mp3],,,,,Kingdom Animalia<div>Phylum Chordata</div><div>Class Aves</div><div>Order Charadriiformes</div><div>Family Scolopacidae</div><div>Genus&nbsp;<i>Numenius</i></div>,Animalia::Chordata::Aves::Charadriiformes::Scolopacidae::Numenius
HftYiI[jk&,Haematopus ostralegus,1.080,"<img src=""Haematopus_ostralegus_image_1.jpg"" />|<img src=""Haematopus_ostralegus_image_2.jpg"" />|<img src=""Haematopus_ostralegus_image_3.jpg"" />|<img src=""Haematopus_ostralegus_image_4.jpg"" />|<img src=""Haematopus_ostralegus_image_5.jpg"" />",,,,,,,[sound:Haematopus_ostralegus_song_1.mp3],[sound:Haematopus_ostralegus_call_1.mp3],,,,Kingdom Animalia<div>Phylum Chordata</div><div>Class Aves</div><div>Order Charadriiformes</div><div>Family Haematopodidae</div><div>Genus&nbsp;<i>Haematopus</i></div>,Animalia::Chordata::Aves::Charadriiformes::Haematopodidae::Haematopus
J?VGbmK@cr,Poecile montanus,1.090,"<img src=""Poecile_montanus_image_1.jpg"" />|<img src=""Poecile_montanus_image_2.jpg"" />|<img src=""Poecile_montanus_image_3.jpg"" />|<img src=""Poecile_montanus_image_4.jpg"" />|<img src=""Poecile_montanus_image_5.jpg"" />",,,,,,,[sound:Poecile_montanus_song_1.mp3],[sound:Poecile_montanus_call_1.mp3],,,,Kingdom Animalia<div>Phylum Chordata</div><div>Class Aves</div><div>Order Passeriformes</div><div>Family Paridae</div><div>Genus&nbsp;<i>Poecile</i></div>,Animalia::Chordata::Aves::Passeriformes::Paridae::Poecile
BI+bw]/`<0,Branta leucopsis,1.120,"<img src=""Branta_leucopsis_image_1.jpg"" />|<img src=""Branta_leucopsis_image_2.jpg"" />|<img src=""Branta_leucopsis_image_3.jpg"" />|<img src=""Branta_leucopsis_image_4.jpg"" />|<img src=""Branta_leucopsis_image_5.jpg"" />",,,,,,,,[sound:Branta_leucopsis_call_1.mp3],,,,Kingdom Animalia<div>Phylum Chordata</div><div>Class Aves</div><div>Order Anseriformes</div><div>Family Anatidae</div><div>Genus&nbsp;<i>Branta</i></div>,Animalia::Chordata::Aves::Anseriformes::Anatidae::Branta
mO+uEZ>2UP,Dendrocoptes medius,1.140,,"<img src=""Dendrocopos_medius_image_male_1.jpg"" />|<img src=""Dendrocopos_medius_image_male_2.jpg"" />|<img src=""Dendrocopos_medius_image_male_3.jpg"" />|<img src=""Dendrocopos_medius_image_male_4.jpg"" />|<img src=""Dendrocopos_medius_image_male_5.jpg"" />","<img src=""Dendrocopos_medius_image_female_1.jpg"" />|<img src=""Dendrocopos_medius_image_female_2.jpg"" />|<img src=""Dendrocopos_medius_image_female_3.jpg"" />",,,,,[sound:Dendrocopos_medius_song_1.mp3],[sound:Dendrocopos_medius_call_1.mp3],,,,Kingdom Animalia<div>Phylum Chordata</div><div>Class Aves</div><div>Order Piciformes</div><div>Family Picidae</div><div>Genus&nbsp;<i>Dendrocopos</i></div>,Animalia::Chordata::Aves::Piciformes::Picidae::Dendrocopos
e}Wt0G4k^p,Accipiter gentilis,1.160,"<img src=""Accipiter_gentilis_image_1.jpg"" />|<img src=""Accipiter_gentilis_image_2.jpg"" />|<img src=""Accipiter_gentilis_image_3.jpg"" />|<img src=""Accipiter_gentilis_image_4.jpg"" />|<img src=""Accipiter_gentilis_image_5.jpg"" />",,,,"""<img src=""Accipiter_gentilis_image_silh_1.jpg"">|<img src=""Accipiter_gentilis_image_silh_2.jpg"">|<img src=""Accipiter_gentilis_image_silh_3.jpg"">""",,,,[sound:Accipiter_gentilis_call_1.mp3],,,,Kingdom Animalia<div>Phylum Chordata</div><div>Class Aves</div><div>Order Accipitriformes</div><div>Family Accipitridae</div><div>Genus&nbsp;<i>Accipiter</i></div>,Animalia::Chordata::Aves::Accipitriformes::Accipitridae::Accipiter
F5GU+pXh$J,Riparia riparia,1.170,"<img src=""Riparia_riparia_image_1.jpg"" />|<img src=""Riparia_riparia_image_2.jpg"" />|<img src=""Riparia_riparia_image_3.jpg"" />|<img src=""Riparia_riparia_image_4.jpg"" />|<img src=""Riparia_riparia_image_5.jpg"" />",,,,,,,,[sound:Riparia_riparia_call_1.mp3],,,,Kingdom Animalia<div>Phylum Chordata</div><div>Class Aves</div><div>Order Passeriformes</div><div>Family Hirundinidae</div><div>Genus&nbsp;<i>Riparia</i></div>,Animalia::Chordata::Aves::Passeriformes::Hirundinidae::Riparia
G7_eX#W>Dx,Larus marinus,1.190,"<img src=""Larus_marinus_image_1.jpg"" />|<img src=""Larus_marinus_image_2.jpg"" />|<img src=""Larus_marinus_image_3.jpg"" />|<img src=""Larus_marinus_image_4.jpg"" />|<img src=""Larus_marinus_image_5.jpg"" />",,,,,,,,[sound:Larus_marinus_call_1.mp3],,,,Kingdom Animalia<div>Phylum Chordata</div><div>Class Aves</div><div>Order Charadriiformes</div><div>Family Laridae</div><div>Genus&nbsp;<i>Larus</i></div>,Animalia::Chordata::Aves::Charadriiformes::Laridae::Larus
K5f3IK(@{b,Haliaeetus albicilla,1.220,"<img src=""Haliaeetus_albicilla_image_1.jpg"" />|<img src=""Haliaeetus_albicilla_image_2.jpg"" />|<img src=""Haliaeetus_albicilla_image_3.jpg"" />|<img src=""Haliaeetus_albicilla_image_4.jpg"" />|<img src=""Haliaeetus_albicilla_image_5.jpg"" />",,,,"""<img src=""Haliaeetus_albicilla_image_silh_1.jpg"" />|<img src=""Haliaeetus_albicilla_image_silh_2.jpg"" />|<img src=""Haliaeetus_albicilla_image_silh_3.jpg"" />""",,,,[sound:Haliaeetus_albicilla_call_1.mp3],,,,Kingdom Animalia<div>Phylum Chordata</div><div>Class Aves</div><div>Order Accipitriformes</div><div>Family Accipitridae</div><div>Genus&nbsp;<i>Haliaeetus</i></div>,Animalia::Chordata::Aves::Accipitriformes::Accipitridae::Haliaeetus
CEf#@njRhj,Larus fuscus,1.240,"<img src=""Larus_fuscus_image_1.jpg"" />|<img src=""Larus_fuscus_image_2.jpg"" />|<img src=""Larus_fuscus_image_3.jpg"" />|<img src=""Larus_fuscus_image_4.jpg"" />|<img src=""Larus_fuscus_image_5.jpg"" />",,,,,,,,[sound:Larus_fuscus_call_1.mp3],,,,Kingdom Animalia<div>Phylum Chordata</div><div>Class Aves</div><div>Order Charadriiformes</div><div>Family Laridae</div><div>Genus&nbsp;<i>Larus</i></div>,Animalia::Chordata::Aves::Charadriiformes::Laridae::Larus
D0aYhgHBi7,Tringa ochropus,1.250,"<img src=""Tringa_ochropus_image_1.jpg"" />|<img src=""Tringa_ochropus_image_2.jpg"" />|<img src=""Tringa_ochropus_image_3.jpg"" />|<img src=""Tringa_ochropus_image_4.jpg"" />|<img src=""Tringa_ochropus_image_5.jpg"" />",,,,,,,[sound:Tringa_ochropus_song_1.mp3],[sound:Tringa_ochropus_call_1.mp3],,,,Kingdom Animalia<div>Phylum Chordata</div><div>Class Aves</div><div>Order Charadriiformes</div><div>Family Scolopacidae</div><div>Genus <i>Tringa</i></div>,Animalia::Chordata::Aves::Charadriiformes::Scolopacidae::Tringa
GeEQI>urOK,Tringa totanus,1.270,"<img src=""Tringa_totanus_image_1.jpg"" />|<img src=""Tringa_totanus_image_2.jpg"" />|<img src=""Tringa_totanus_image_3.jpg"" />|<img src=""Tringa_totanus_image_4.jpg"" />|<img src=""Tringa_totanus_image_5.jpg"" />",,,,,,,[sound:Tringa_totanus_song_1.mp3],[sound:Tringa_totanus_call_1.mp3],,,,Kingdom Animalia<div>Phylum Chordata</div><div>Class Aves</div><div>Order Charadriiformes</div><div>Family Scolopacidae</div><div>Genus&nbsp;<i>Tringa</i></div>,Animalia::Chordata::Aves::Charadriiformes::Scolopacidae::Tringa
Pq2D6}$xla,Acrocephalus palustris,1.280,"<img src=""Acrocephalus_palustris_image_1.jpg"">|<img src=""Acrocephalus_palustris_image_2.jpg"">|<img src=""Acrocephalus_palustris_image_3.jpg"">|<img src=""Acrocephalus_palustris_image_4.jpg"">|<img src=""Acrocephalus_palustris_image_5.jpg"">",,,,,,,[sound:Acrocephalus_palustris_song_1.mp3],,,,,Kingdom Animalia<div>Phylum Chordata</div><div>Class Aves</div><div>Order Passeriformes</div><div>Family Acrocephalidae</div><div>Genus&nbsp;<i>Acrocephalus</i></div>,Animalia::Chordata::Aves::Passeriformes::Acrocephalidae::Acrocephalus
gDoa~q}lKm,Anthus trivialis,1.300,"<img src=""Anthus_trivialis_image_1.jpg"">|<img src=""Anthus_trivialis_image_2.jpg"">|<img src=""Anthus_trivialis_image_3.jpg"">|<img src=""Anthus_trivialis_image_4.jpg"">|<img src=""Anthus_trivialis_image_5.jpg"">",,,,,,,[sound:Anthus_trivialis_song_1.mp3],[sound:Anthus_trivialis_call_1.mp3],,,,Kingdom Animalia<div>Phylum Chordata</div><div>Class Aves</div><div>Order Passeriformes</div><div>Family Motacillidae</div><div>Genus&nbsp;<i>Anthus</i></div>,Animalia::Chordata::Aves::Passeriformes::Motacillidae::Anthus
k[)1cQm5MD,Falco peregrinus,1.360,"<img src=""Falco_peregrinus_image_1.jpg"" />|<img src=""Falco_peregrinus_image_2.jpg"" />|<img src=""Falco_peregrinus_image_3.jpg"" />|<img src=""Falco_peregrinus_image_4.jpg"" />|<img src=""Falco_peregrinus_image_5.jpg"" />",,,,"""<img src=""Falco_peregrinus_image_silh_1.jpg"" />|<img src=""Falco_peregrinus_image_silh_2.jpg"" />|<img src=""Falco_peregrinus_image_silh_3.jpg"" />""",,,,[sound:Falco_peregrinus_call_1.mp3],,,,Kingdom Animalia<div>Phylum Chordata</div><div>Class Aves</div><div>Order Falconiformes</div><div>Family Falconidae</div><div>Genus&nbsp;<i>Falco</i></div>,Animalia::Chordata::Aves::Falconiformes::Falconidae::Falco
G`4*L{eoRZ,Podiceps nigricollis,1.380,"<img src=""Podiceps_nigricollis_image_1.jpg"" />|<img src=""Podiceps_nigricollis_image_2.jpg"" />|<img src=""Podiceps_nigricollis_image_3.jpg"" />|<img src=""Podiceps_nigricollis_image_4.jpg"" />|<img src=""Podiceps_nigricollis_image_5.jpg"" />",,,,,,,,[sound:Podiceps_nigricollis_call_1.mp3],,,,Kingdom Animalia<div>Phylum Chordata</div><div>Class Aves</div><div>Order Podicipediformes</div><div>Family Podicipedidae</div><div>Genus&nbsp;<i>Podiceps</i></div>,Animalia::Chordata::Aves::Podicipediformes::Podicipedidae::Podiceps
O!c(j7H$qM,Luscinia svecica,1.400,,"<img src=""Luscinia_svecica_image_male_1.jpg"" />|<img src=""Luscinia_svecica_image_male_2.jpg"" />|<img src=""Luscinia_svecica_image_male_3.jpg"" />|<img src=""Luscinia_svecica_image_male_4.jpg"" />|<img src=""Luscinia_svecica_image_male_5.jpg"" />","<img src=""Luscinia_svecica_image_female_1.jpg"" />|<img src=""Luscinia_svecica_image_female_2.jpg"" />|<img src=""Luscinia_svecica_image_female_3.jpg"" />|<img src=""Luscinia_svecica_image_female_4.jpg"" />|<img src=""Luscinia_svecica_image_female_5.jpg"" />",,,,,[sound:Luscinia_svecica_song_1.mp3],[sound:Luscinia_svecica_call_1.mp3],,,,Kingdom Animalia<div>Phylum Chordata</div><div>Class Aves</div><div>Order Passeriformes</div><div>Family Muscicapidae</div><div>Genus&nbsp;<i>Luscinia</i></div>,Animalia::Chordata::Aves::Passeriformes::Muscicapidae::Luscinia
"n_TVM&K/D,",Dryobates minor,1.420,,"<img src=""Dendrocopos_minor_image_male_1.jpg"" />|<img src=""Dendrocopos_minor_image_male_2.jpg"" />|<img src=""Dendrocopos_minor_image_male_3.jpg"" />|<img src=""Dendrocopos_minor_image_male_4.jpg"" />|<img src=""Dendrocopos_minor_image_male_5.jpg"" />","<img src=""Dendrocopos_minor_image_female_1.jpg"" />|<img src=""Dendrocopos_minor_image_female_2.jpg"" />|<img src=""Dendrocopos_minor_image_female_3.jpg"" />|<img src=""Dendrocopos_minor_image_female_4.jpg"" />|<img src=""Dendrocopos_minor_image_female_5.jpg"" />",,,,,[sound:Dendrocopos_minor_song_1.mp3],,,,,Kingdom Animalia<div>Phylum Chordata</div><div>Class Aves</div><div>Order Piciformes</div><div>Family Picidae</div><div>Genus&nbsp;<i>Dendrocopos</i></div>,Animalia::Chordata::Aves::Piciformes::Picidae::Dendrocopos
h@0^;qI~6),Falco subbuteo,1.440,"<img src=""Falco_subbuteo_image_1.jpg"" />|<img src=""Falco_subbuteo_image_2.jpg"" />|<img src=""Falco_subbuteo_image_3.jpg"" />|<img src=""Falco_subbuteo_image_4.jpg"" />|<img src=""Falco_subbuteo_image_5.jpg"" />",,,,"""<img src=""Falco_subbuteo_image_silh_1.jpg"" />|<img src=""Falco_subbuteo_image_silh_2.jpg"" />|<img src=""Falco_subbuteo_image_silh_3.jpg"" />""",,,,[sound:Falco_subbuteo_call_1.mp3],,,,Kingdom Animalia<div>Phylum Chordata</div><div>Class Aves</div><div>Order Falconiformes</div><div>Family Falconidae</div><div>Genus&nbsp;<i>Falco</i></div>,Animalia::Chordata::Aves::Falconiformes::Falconidae::Falco
skVv+Z[U>1,Acrocephalus schoenobaenus,1.460,"<img src=""Acrocephalus_schoenobaenus_image_1.jpg"" />|<img src=""Acrocephalus_schoenobaenus_image_2.jpg"" />|<img src=""Acrocephalus_schoenobaenus_image_3.jpg"" />|<img src=""Acrocephalus_schoenobaenus_image_4.jpg"" />|<img src=""Acrocephalus_schoenobaenus_image_5.jpg"" />",,,,,,,[sound:Acrocephalus_schoenobaenus_song_1.mp3],[sound:Acrocephalus_schoenobaenus_call_1.mp3],,,,Kingdom Animalia<div>Phylum Chordata</div><div>Class Aves</div><div>Order Passeriformes</div><div>Family Acrocephalidae</div><div>Genus&nbsp;<i>Acrocephalus</i></div>,Animalia::Chordata::Aves::Passeriformes::Acrocephalidae::Acrocephalus
uv/V|VFLFd,Strix aluco,1.520,"<img src=""Strix_aluco_image_1.jpg"" />|<img src=""Strix_aluco_image_2.jpg"" />|<img src=""Strix_aluco_image_3.jpg"" />|<img src=""Strix_aluco_image_4.jpg"" />|<img src=""Strix_aluco_image_5.jpg"" />",,,,,,,[sound:Strix_aluco_song_1.mp3],[sound:Strix_aluco_call_1.mp3],,,,Kingdom Animalia<div>Phylum Chordata</div><div>Class Aves</div><div>Order Strigiformes</div><div>Family Strigidae</div><div>Genus&nbsp;<i>Strix</i></div>,Animalia::Chordata::Aves::Strigiformes::Strigidae::Strix
AB#~:%F#`8,Pandion haliaetus,1.550,"<img src=""Pandion_haliaetus_image_1.jpg"" />|<img src=""Pandion_haliaetus_image_2.jpg"" />|<img src=""Pandion_haliaetus_image_3.jpg"" />|<img src=""Pandion_haliaetus_image_4.jpg"" />|<img src=""Pandion_haliaetus_image_5.jpg"" />",,,,"""<img src=""Pandion_haliaetus_image_silh_1.jpg"" />|<img src=""Pandion_haliaetus_image_silh_2.jpg"" />|<img src=""Pandion_haliaetus_image_silh_3.jpg"" />""",,,,[sound:Pandion_haliaetus_call_1.mp3],,,,Kingdom Animalia<div>Phylum Chordata</div><div>Class Aves</div><div>Order Accipitriformes</div><div>Family Pandionidae</div><div>Genus&nbsp;<i>Pandion</i></div>,Animalia::Chordata::Aves::Accipitriformes::Pandionidae::Pandion
fSx>4o)s?<,Circus cyaneus,1.560,,"<img src=""Circus_cyaneus_image_male_1.jpg"" />|<img src=""Circus_cyaneus_image_male_2.jpg"" />|<img src=""Circus_cyaneus_image_male_3.jpg"" />|<img src=""Circus_cyaneus_image_male_4.jpg"" />|<img src=""Circus_cyaneus_image_male_5.jpg"" />","<img src=""Circus_cyaneus_image_female_1.jpg"" />|<img src=""Circus_cyaneus_image_female_2.jpg"" />|<img src=""Circus_cyaneus_image_female_3.jpg"" />|<img src=""Circus_cyaneus_image_female_4.jpg"" />|<img src=""Circus_cyaneus_image_female_5.jpg"" />",,"""<img src=""Circus_cyaneus_image_silh_1.jpg"" />|<img src=""Circus_cyaneus_image_silh_2.jpg"" />""",,,,[sound:Circus_cyaneus_call_1.mp3],,,,Kingdom Animalia<div>Phylum Chordata</div><div>Class Aves</div><div>Order Accipitriformes</div><div>Family Accipitridae</div><div>Genus&nbsp;<i>Circus</i></div>,Animalia::Chordata::Aves::Accipitriformes::Accipitridae::Circus
Lzh#h>@5zW,Limosa limosa,1.630,"<img src=""Limosa_limosa_image_1.jpg"" />|<img src=""Limosa_limosa_image_2.jpg"" />|<img src=""Limosa_limosa_image_3.jpg"" />|<img src=""Limosa_limosa_image_4.jpg"" />|<img src=""Limosa_limosa_image_5.jpg"" />",,,,,,,[sound:Limosa_limosa_song_1.mp3],[sound:Limosa_limosa_call_1.mp3],,,,Kingdom Animalia<div>Phylum Chordata</div><div>Class Aves</div><div>Order Charadriiformes</div><div>Family Scolopacidae</div><div>Genus&nbsp;<i>Limosa</i></div>,Animalia::Chordata::Aves::Charadriiformes::Scolopacidae::Limosa
"kQ2WFc4??,",Cygnus cygnus,1.660,"<img src=""Cygnus_cygnus_image_1.jpg"" />|<img src=""Cygnus_cygnus_image_2.jpg"" />|<img src=""Cygnus_cygnus_image_3.jpg"" />|<img src=""Cygnus_cygnus_image_4.jpg"" />|<img src=""Cygnus_cygnus_image_5.jpg"" />",,,,,,,,[sound:Cygnus_cygnus_call_1.mp3],,,,Kingdom Animalia<div>Phylum Chordata</div><div>Class Aves</div><div>Order Anseriformes</div><div>Family Anatidae</div><div>Genus&nbsp;<i>Cygnus</i></div>,Animalia::Chordata::Aves::Anseriformes::Anatidae::Cygnus
i5`8o9t{Ld,Pernis apivorus,1.750,"<img src=""Pernis_apivorus_image_1.jpg"" />|<img src=""Pernis_apivorus_image_2.jpg"" />|<img src=""Pernis_apivorus_image_3.jpg"" />|<img src=""Pernis_apivorus_image_4.jpg"" />|<img src=""Pernis_apivorus_image_5.jpg"" />",,,,"""<img src=""Pernis_apivorus_image_silh_1.jpg"" />|<img src=""Pernis_apivorus_image_silh_2.jpg"" />|<img src=""Pernis_apivorus_image_silh_3.jpg"" />""",,,,[sound:Pernis_apivorus_call_1.mp3],,,,Kingdom Animalia<div>Phylum Chordata</div><div>Class Aves</div><div>Order Accipitriformes</div><div>Family Accipitridae</div><div>Genus&nbsp;<i>Pernis</i></div>,Animalia::Chordata::Aves::Accipitriformes::Accipitridae::Pernis
Mk$0a{*?qr,Ardea purpurea,1.840,"<img src=""Ardea_purpurea_image_1.jpg"" />|<img src=""Ardea_purpurea_image_2.jpg"" />|<img src=""Ardea_purpurea_image_3.jpg"" />|<img src=""Ardea_purpurea_image_4.jpg"" />|<img src=""Ardea_purpurea_image_5.jpg"" />",,,,,,,,[sound:Ardea_purpurea_call_1.mp3],,,,Kingdom Animalia<div>Phylum Chordata</div><div>Class Aves</div><div>Order Pelecaniformes</div><div>Family Ardeidae</div><div>Genus&nbsp;<i>Ardea</i></div>,Animalia::Chordata::Aves::Pelecaniformes::Ardeidae::Ardea
he2qp;Zbmi,Perdix perdix,1.880,"<img src=""Perdix_perdix_image_1.jpg"" />|<img src=""Perdix_perdix_image_2.jpg"" />|<img src=""Perdix_perdix_image_3.jpg"" />|<img src=""Perdix_perdix_image_4.jpg"" />|<img src=""Perdix_perdix_image_5.jpg"" />",,,,,,,[sound:Perdix_perdix_song_1.mp3],[sound:Perdix_perdix_call_1.mp3],,,,Kingdom Animalia<div>Phylum Chordata</div><div>Class Aves</div><div>Order Galliformes</div><div>Family Phasianidae</div><div>Genus&nbsp;<i>Perdix</i></div>,Animalia::Chordata::Aves::Galliformes::Phasianidae::Perdix
goct:=qwb6,Ichthyaetus melanocephalus,1.950,"<img src=""Ichthyaetus_melanocephalus_image_1.jpg"">|<img src=""Ichthyaetus_melanocephalus_image_2.jpg"">|<img src=""Ichthyaetus_melanocephalus_image_3.jpg"">|<img src=""Ichthyaetus_melanocephalus_image_4.jpg"">|<img src=""Ichthyaetus_melanocephalus_image_5.jpg"">",,,,,,,,[sound:Ichthyaetus_melanocephalus_call_1.mp3],,,,Kingdom Animalia<div>Phylum Chordata</div><div>Class Aves</div><div>Order Charadriiformes</div><div>Family Laridae</div><div>Genus <i>Ichthyaetus</i></div>,Animalia::Chordata::Aves::Charadriiformes::Laridae::Ichthyaetus
EE>R5w~Auh,Numenius phaeopus,1.970,"<img src=""Numenius_phaeopus_image_1.jpg"" />|<img src=""Numenius_phaeopus_image_2.jpg"" />|<img src=""Numenius_phaeopus_image_3.jpg"" />|<img src=""Numenius_phaeopus_image_4.jpg"" />|<img src=""Numenius_phaeopus_image_5.jpg"" />",,,,,,,[sound:Numenius_phaeopus_song_1.mp3],[sound:Numenius_phaeopus_call_1.mp3],,,,Kingdom Animalia<div>Phylum Chordata</div><div>Class Aves</div><div>Order Charadriiformes</div><div>Family Scolopacidae</div><div>Genus&nbsp;<i>Numenius</i></div>,Animalia::Chordata::Aves::Charadriiformes::Scolopacidae::Numenius
luCy2xn(!$,Coturnix coturnix,2.070,,"<img src=""Coturnix_coturnix_image_male_1.jpg"" />|<img src=""Coturnix_coturnix_image_male_2.jpg"" />|<img src=""Coturnix_coturnix_image_male_3.jpg"" />|<img src=""Coturnix_coturnix_image_male_4.jpg"" />|<img src=""Coturnix_coturnix_image_male_5.jpg"" />","<img src=""Coturnix_coturnix_image_female_1.jpg"" />|<img src=""Coturnix_coturnix_image_female_2.jpg"" />|<img src=""Coturnix_coturnix_image_female_3.jpg"" />|<img src=""Coturnix_coturnix_image_female_4.jpg"" />|<img src=""Coturnix_coturnix_image_female_5.jpg"" />",,,,,[sound:Coturnix_coturnix_song_1.mp3],[sound:Coturnix_coturnix_call_1.mp3],,,,Kingdom Animalia<div>Phylum Chordata</div><div>Class Aves</div><div>Order Galliformes</div><div>Family Phasianidae</div><div>Genus&nbsp;<i>Coturnix</i></div>,Animalia::Chordata::Aves::Galliformes::Phasianidae::Coturnix
IJ|FCYq!7W,Asio otus,2.160,"<img src=""Asio_otus_image_1.jpg"" />|<img src=""Asio_otus_image_2.jpg"" />|<img src=""Asio_otus_image_3.jpg"" />|<img src=""Asio_otus_image_4.jpg"" />|<img src=""Asio_otus_image_5.jpg"" />",,,,,,,[sound:Asio_otus_song_1.mp3],[sound:Asio_otus_call_1.mp3],,,,Kingdom Animalia<div>Phylum Chordata</div><div>Class Aves</div><div>Order Strigiformes</div><div>Family Strigidae</div><div>Genus&nbsp;<i>Asio</i></div>,Animalia::Chordata::Aves::Strigiformes::Strigidae::Asio
j:4P3:u3F),Bubo bubo,2.180,"<img src=""Bubo_bubo_image_1.jpg"" />|<img src=""Bubo_bubo_image_2.jpg"" />|<img src=""Bubo_bubo_image_3.jpg"" />|<img src=""Bubo_bubo_image_4.jpg"" />|<img src=""Bubo_bubo_image_5.jpg"" />",,,,,,,[sound:Bubo_bubo_song_1.mp3],[sound:Bubo_bubo_call_1.mp3],,,,Kingdom Animalia<div>Phylum Chordata</div><div>Class Aves</div><div>Order Strigiformes</div><div>Family Strigidae</div><div>Genus&nbsp;<i>Bubo</i></div>,Animalia::Chordata::Aves::Strigiformes::Strigidae::Bubo
f;wtau8mt!,Asio flammeus,2.270,"<img src=""Asio_flammeus_image_1.jpg"" />|<img src=""Asio_flammeus_image_2.jpg"" />|<img src=""Asio_flammeus_image_3.jpg"" />|<img src=""Asio_flammeus_image_4.jpg"" />|<img src=""Asio_flammeus_image_5.jpg"" />",,,,,,,[sound:Asio_flammeus_song_1.mp3],[sound:Asio_flammeus_call_1.mp3],,,,Kingdom Animalia<div>Phylum Chordata</div><div>Class Aves</div><div>Order Strigiformes</div><div>Family Strigidae</div><div>Genus&nbsp;<i>Asio</i></div>,Animalia::Chordata::Aves::Strigiformes::Strigidae::Asio
tPm_d5&-Cl,Athene noctua,2.300,"<img src=""Athene_noctua_image_1.jpg"" />|<img src=""Athene_noctua_image_2.jpg"" />|<img src=""Athene_noctua_image_3.jpg"" />|<img src=""Athene_noctua_image_4.jpg"" />|<img src=""Athene_noctua_image_5.jpg"" />",,,,,,,[sound:Athene_noctua_song_1.mp3],[sound:Athene_noctua_call_1.mp3],,,,Kingdom Animalia<div>Phylum Chordata</div><div>Class Aves</div><div>Order Strigiformes</div><div>Family Strigidae</div><div>Genus&nbsp;<i>Athene</i></div>,Animalia::Chordata::Aves::Strigiformes::Strigidae::Athene
e]z$&^xY5:,Cygnus columbianus bewickii,2.501,"<img src=""Cygnus_columbianus_bewickii_image_1.jpg"" />|<img src=""Cygnus_columbianus_bewickii_image_2.jpg"" />|<img src=""Cygnus_columbianus_bewickii_image_3.jpg"" />|<img src=""Cygnus_columbianus_bewickii_image_4.jpg"" />|<img src=""Cygnus_columbianus_bewickii_image_5.jpg"" />",,,,,,,,[sound:Cygnus_columbianus_bewickii_call_1.mp3],,,,Kingdom Animalia<div>Phylum Chordata</div><div>Class Aves</div><div>Order Anseriformes</div><div>Family Anatidae</div><div>Genus&nbsp;<i>Cygnus</i></div>,Animalia::Chordata::Aves::Anseriformes::Anatidae::Cygnus
Pt~_2Y(cLW,Tyto alba,2.710,"<img src=""Tyto_alba_image_1.jpg"" />|<img src=""Tyto_alba_image_2.jpg"" />|<img src=""Tyto_alba_image_3.jpg"" />|<img src=""Tyto_alba_image_4.jpg"" />|<img src=""Tyto_alba_image_5.jpg"" />",,,,,,,[sound:Tyto_alba_song_1.mp3],[sound:Tyto_alba_call_1.mp3],,,,Kingdom Animalia<div>Phylum Chordata</div><div>Class Aves</div><div>Order Strigiformes</div><div>Family Tytonidae</div><div>Genus&nbsp;<i>Tyto</i></div>,Animalia::Chordata::Aves::Strigiformes::Tytonidae::Tyto